0.0385979	0.022869349	-0.24660294	-0.12388359	0.026134789	-0.19219808	-0.14914562	-0.17494367	0.07205486	-0.049045816	-0.11967058	-0.03549573	0.0496199	0.10532925	0.1314058	0.0048427354	0.03457292	-0.07191423	-0.07697065	0.15804316	0.08648283	-0.11222923	-0.029119756	0.12217156	-0.028808458	0.764066	0.017569408	0.10407838	0.0721561	0.08234924	-0.10722855	-0.00994505	0.05050118	0.13735072	-0.1643961	-0.04599532	-0.084251285	0.011700518	0.069900066	-0.09855622	-0.09186882	0.24140748	-0.04936609	0.08823382	0.046608087	0.09394745	0.0148499375	-0.029226422	0.031694468	-0.14890155	0.0005127428	-0.20215756	-0.10547247	-0.017328903	0.0380197	0.23738901	-0.2105478	0.043411218	-0.34048092	-0.14099953	-0.031817403	0.068926945	0.24327359	-0.12829193	0.029211976	0.1196976	-0.2949781	-0.02489266	-0.030391572	-0.14629193	0.1218182	-0.097862706	-0.047791503	-0.0441525	-0.063624315	0.10222048	0.030254062	-0.019051937	0.0021469004	-0.11296711	-0.10191341	0.041158445	0.03783116	0.046319302	-0.064981945	0.06308748	0.06369949	0.13019754	-0.10941149	-0.055400528	0.11151991	-0.02596682	-0.026723295	0.14181092	0.140385	-0.039547272	-0.038365547	0.0641108	0.12420653	0.09771686	-0.104032315	0.10750558	0.027599363	0.2189562	0.0007841906	0.036824867	-0.10312557	-0.07438916	-0.076025344	0.067200534	0.22132373	-0.120402575	0.07174102	0.15227492	-0.20757271	-0.104718685	0.040841	0.0355642	0.029925428	-0.028782858	0.031248666	0.14112534	0.09819	-0.05191521	0.0784489	-0.074115925	0.1842617	0.1390213	0.078303345	-0.0122548295	0.03911546	-0.124875896	0.006118315	0.095212	-0.09112034	-0.008885386	-0.009789109	-0.008017599	-0.06783094	-0.11915184	-0.14802909	0.20977123	-0.0047842716	0.017061919	0.22652942	-0.15051529	0.043699946	0.038100533	-0.08942564	0.10080167	0.19882512	-0.016477682	-0.13237287	-0.083274536	-0.13700323	0.008865912	-0.09710683	-0.077164054	0.05623773	0.073505834	0.025544452	-0.09480179	0.19834027	-0.18523754	0.0638891	-0.01451085	0.040622868	-0.1405171	0.15485887	0.0836705	0.10531042	-0.16777621	-0.11706883	0.037576184	0.12527436	-0.05147376	-0.007034037	0.07180818	-0.03167682	-0.20694384	-0.039742824	0.07915097	-0.18504928	0.09454151	-0.0010644537	0.03464028	-0.14256565	-0.12810491	0.19235846	0.028548775	-0.09971527	-0.25687483	-0.021980954	0.17571709	-0.09419749	-0.087601855	0.010753183	0.1486663	0.17516002	-0.098030835	-0.16040406	-0.03395476	-0.2184936	0.1828994	0.056332756	-0.11334443	0.14499915	-0.11887727	0.1295947	0.065352455	-0.1209537	0.177043	0.1041201	0.08419989	0.15757644	-0.06831084	0.06681615	-0.05052002	-0.13629794	-0.05107482	-0.03325635	0.015703866	0.13866848	0.18354067	-0.06375248	0.1675957	0.07660981	-0.043203402	0.06009558	-0.089631416	0.028585399	-0.18849348	-0.09625638	-0.047988623	-0.07956223	0.22987905	-0.0235668	0.026133113	-0.09700793	0.0387901	0.17595124	0.055072274	0.12774418	0.21304479	-0.021111509	-0.0043225964	0.029421479	-0.27884832	0.2181393	0.0958565	-0.10519665	0.11082854	0.056226917	0.03475481	0.06133356	0.12708835	-0.14500456	0.047002643	-0.06478642	-0.01925405	0.058684047	0.013249518	-0.13360524	-0.4105669	0.054611772	0.14931296	0.29284903	0.34601223	0.18444404	0.021104308	-0.034284312	-0.15775919	-0.018457368	0.01760373	-0.00044351915	0.3093688	0.07904327	-0.07029775	-0.14401111	0.048347898	0.058700565	0.13533631	-0.1583844	-0.0036442848	-0.07651826	-0.032547433	0.019587388	0.16469172	0.054014523	-0.02527001	0.22854626	0.076245315	0.151032	0.013564153	0.09669891	-0.0070824744	-0.057414863	0.0072331326	-0.02541304	-0.11605016	
-0.0118096	-0.062181532	-0.31853554	0.057288818	0.20529212	-0.09937357	-0.16125582	0.13681222	-0.12390309	-0.014184101	0.011375389	0.3611142	-0.06923433	-0.038294427	0.018255929	-0.0015461884	0.005298083	0.028458482	0.010308463	-0.028809035	-0.009539476	0.15202163	-0.011144126	0.1336993	-0.1880744	0.79467237	0.018653784	0.053282775	0.0015964862	0.17383844	0.00859686	0.053357158	-0.06408971	0.06438569	-0.085108705	-0.09770988	0.091320865	0.18682502	0.16191371	-0.219149	-0.144285	0.18645734	0.16824862	0.10765736	-0.100444116	0.053889193	-0.18693577	-0.027825706	0.071567096	-0.048922304	0.034090884	-0.12831627	-0.059850622	0.1597868	0.26787442	0.14471093	-0.039701622	-0.057280418	-0.41709805	0.10861419	0.023674916	0.030842133	-0.012800706	-0.07538147	-0.05868036	-0.018073112	-0.20907946	-0.03663791	-0.09444974	-0.06875035	-0.10320244	0.04999108	0.060987353	-0.094972976	0.13195322	0.28311133	-0.04847698	0.0434615	0.018356366	-0.0011225395	0.040157743	-0.07228161	0.041090824	0.014611685	0.0007578516	0.116274826	0.06735554	0.060284898	-0.10472252	-0.002968276	-0.07059293	0.050501157	0.08589188	0.16324654	-0.026679989	0.042233	-0.072101645	0.0586452	-0.23998806	0.28784305	0.03245605	-0.31720847	-0.01642923	0.22951089	-0.14370331	-0.2710136	-0.024400314	0.08146615	0.05814943	-0.05112437	0.25566372	-0.081540555	-0.1665513	0.2223571	-0.044638015	-0.08244284	0.028601767	0.010749524	-0.19223954	-0.15299767	0.018011665	0.08243026	-0.00017415699	-0.009918287	0.024539713	0.053959742	0.10765891	0.20955986	-0.02745783	0.115415215	0.06878864	-0.042332295	-0.1388183	-0.0134363845	0.091374025	0.18820424	-0.052432198	-0.120883	-0.16874047	-0.029086627	-0.01665929	0.14486177	-0.15320443	0.17499024	0.09326793	-0.08327895	-0.08247647	-0.060866594	-0.028019935	-0.1104235	0.036544044	-0.14915238	0.024636768	-0.1976537	-0.25338686	0.025251146	-0.15763435	0.047659203	-0.010107241	-0.041674703	-0.1766709	-0.07128419	0.11992143	-0.15152481	-0.103815466	-0.08826925	-0.2408146	0.021795224	0.025743056	0.007097661	0.12788008	-0.032157917	0.035814036	-0.084316745	-0.12538667	-0.105259426	-0.008062816	0.25544193	-0.11496432	-0.09832185	0.026021808	0.010572984	0.029508049	0.19299792	0.030947313	-0.08679066	-0.012984524	0.06464345	0.026469057	-0.024445742	-0.24696879	-0.0054723984	-0.05794754	0.28639817	0.044527985	-0.24102782	0.12501921	0.089698866	-0.051530913	-0.05761064	-0.061196662	-0.08117774	-0.24190983	-0.09351073	0.22370441	0.046965107	-0.07349301	-0.05020231	-0.046180695	0.10720777	-0.18271706	0.18428437	0.13603151	-0.20159261	0.046561148	0.10954935	0.20403235	-0.046811346	-0.05923795	-0.040815964	0.0026281998	-0.06998989	0.038081568	-0.09775001	-0.054798376	0.05340853	0.048606697	-0.039767057	0.015677959	-0.15242541	-0.053504024	-0.25246397	-0.20024173	-0.13228878	-0.037099276	-0.023835307	0.021863276	0.018766968	-0.12330322	0.1321017	0.019755948	0.2229236	0.0070539364	0.030975977	0.04741529	-0.18350099	0.12242226	-0.14358492	0.23185526	-0.10438856	0.08544268	-0.15138344	-0.08274746	-0.14843646	0.09498859	-0.06980162	0.02315953	-0.023509651	-0.0032799987	0.053024106	0.030636223	0.01494282	0.14519528	-0.525793	-0.12948036	-0.08732202	0.12770087	0.1780339	0.124541074	0.09908494	-0.10319365	-0.085810564	0.07901491	0.04273522	-0.017814161	0.22212338	0.025548002	0.061564434	-0.1730992	-0.16831218	0.18699922	0.047718424	-0.2384747	0.025169633	-0.095374	0.1576972	0.103005506	-0.011690801	0.0001398037	-0.023922838	-0.044256926	0.21570039	0.0050151786	0.007423636	0.1071712	-0.20722704	-0.1280353	-0.04553044	-0.082383074	-0.101369396	
-0.0393108	-0.0043469053	0.025650857	0.0070665623	0.12920891	0.05911938	-0.030698465	-0.08228265	0.05736578	0.029840583	-0.014995783	0.011537686	0.027532954	0.047734343	0.10926018	0.05367278	0.036385432	-0.05383403	-0.016795387	-0.20723855	0.04695481	-0.0038622257	-0.007652659	-0.01824309	0.008380872	0.40142515	0.04027731	0.025540432	0.12142447	-0.035357304	-0.041648123	0.043673217	0.052287072	-0.081845045	-0.058480177	-0.14124607	0.07184167	-0.08215443	0.015681058	-0.013139369	-0.015355269	0.11651212	-0.03681999	-0.10904314	0.13419464	-0.21298312	0.12369087	0.11879974	0.02357399	0.07729664	0.008260156	-0.03384973	0.11948941	-0.037484974	-0.027910963	-0.104138166	-0.061173134	-0.09453747	0.1321345	0.04505387	-0.048313804	0.20675004	-0.056110967	-0.010998762	-0.016949657	0.056842327	-0.062101964	0.024662185	0.1721646	0.060004964	-0.018720001	0.022872176	-0.0355642	-0.08548159	0.13712275	-0.09473522	-0.08203161	0.13448225	-0.29548818	-0.07536568	-0.032951802	0.076568194	-0.048333943	-0.028049922	0.15296498	0.011944704	-0.03911782	0.06683675	0.036272187	0.0669981	0.06029256	0.047762115	0.15318032	0.040447127	-0.027367927	0.007973176	-0.011561932	0.107447386	-0.103546165	0.06681599	0.0923635	0.076843195	0.05040237	-0.14713006	0.12733431	-0.10030202	0.071124	0.05519994	-0.04993896	0.07678086	-0.11809274	0.08756424	-0.019507745	0.03990819	-0.049856085	0.06780407	0.061445512	-0.1705555	-0.06335335	0.026621697	-0.09335995	0.11167563	0.07297834	0.091669925	0.041412298	0.0554321	0.077352494	0.003890159	0.027142243	0.029258905	-0.03106292	0.03253405	-0.17139374	-0.12332556	0.024096793	-0.016669184	0.068758585	-0.016313286	-0.0420089	0.0015655924	0.098814495	0.011647893	-0.022326443	0.0065572886	0.053082503	0.06401428	0.060845282	0.088280484	-0.09721247	0.101717	0.14749576	-0.051006023	0.014751053	-0.0017965925	-0.05039463	-0.019863741	-0.023896204	-0.21793565	0.048312735	0.1684625	-0.023096256	0.054651294	-0.033030644	-0.04836214	0.0031388164	-0.0018696733	-0.0889229	-0.11429986	0.011128095	0.063933834	-0.013817168	0.0011343325	0.049830794	-0.13859366	0.063096225	-0.024977561	0.032028407	0.00988989	0.15460737	-0.019838564	0.033143487	-0.06673532	-0.028225578	0.060572263	0.012736596	-0.14795496	-0.051916722	-0.042019337	0.21149251	0.13122283	0.08231929	-0.03157758	0.08359078	-0.08315718	0.07012954	-0.022660673	0.0057682814	0.07779673	-0.031951196	0.043087795	-0.034535237	0.03241499	-0.06158194	-0.005245459	-0.025827046	0.0164257	-0.060142573	0.019016594	-0.020651828	-0.07340135	-0.018264404	0.08732145	-0.023009568	-0.07665381	0.02419033	0.009034078	-0.068078846	-0.059676267	-0.035312332	-0.018914787	-0.04000407	0.029220508	-0.12695234	0.06805019	0.062541835	0.034642123	0.05780354	-0.28214723	-0.1145386	-0.026022023	0.023448268	0.04314876	0.037426572	-0.013302875	-0.14095415	0.032825902	0.083481	-0.1323306	-0.09046637	0.095588155	-0.06501309	0.04900425	-0.085650764	0.061765652	-0.012144818	-0.016069567	-0.02553074	-0.08339006	0.06341463	0.07910911	0.0086479345	0.023264071	0.06374239	-0.046090685	-0.081767626	-0.0057160445	-0.08063014	-0.099736996	-0.031528033	-0.053418364	0.09310652	0.053749893	-0.021538842	-0.04855656	-0.037566707	0.03396343	0.023728538	-0.008554186	-0.0789929	0.050513368	-0.13335027	-0.119908586	-0.0608393	-0.057565756	-0.015907101	0.08450929	0.10977655	-0.06760051	-0.017571682	-0.010450838	0.101446405	-0.0069196783	-0.092146575	-0.026983928	0.044358097	0.0025043124	-0.010871064	-0.054868545	-0.14131293	-0.1131023	-0.025859168	-0.014433085	0.057413515	0.014373269	-0.20516707	0.07463824	0.037039913	-0.012922445	0.06456823	-0.08122922	
0.028033031	-0.19092564	-0.22442104	-0.42063355	0.035365433	0.25037402	0.021433007	-0.14351766	0.35414946	0.09984685	0.047926597	-0.18786003	0.11035948	-0.13605078	-0.11735308	0.35500103	0.10884272	0.01717986	-0.2650737	-0.12852548	-0.10047878	0.5073138	0.047834594	0.1282622	0.108095855	1.1253029	-0.0022217869	0.057712622	0.08259807	-0.16225104	0.08591887	-0.026228294	0.45939198	-0.050820414	-0.026517393	0.30611145	0.19457279	-0.01443312	-0.48406467	0.028157195	0.49385807	-0.17978416	0.058154415	-0.19857435	-0.17765884	-0.12874822	-0.04314145	0.14090884	-0.2485723	0.078783244	0.29415396	-0.48365697	0.44211608	0.53998995	0.41100687	0.1040838	-0.099905536	0.14955902	-0.50640506	0.3182138	0.0044787657	-0.041503266	0.01373828	-0.1344828	0.0430139	-0.2959635	-0.17809089	0.15705876	0.1337455	-0.22285348	-0.23839833	0.107905194	0.11394801	0.12313383	0.33807835	-0.018050252	-0.11127493	-0.2578307	0.13020954	-0.36282733	0.15145317	0.011996452	-0.18858758	-0.5124214	-0.03779208	-0.01590144	0.06949786	0.11754475	-0.1397307	0.21459982	-0.16524203	-0.27715892	0.06483229	0.4073501	-0.09749807	-0.45342618	-0.16724502	0.18929107	-0.17792048	0.12802543	-0.110640675	0.21673681	0.24755953	-0.27345967	0.16438262	-0.1343463	0.08366759	-0.4276417	-0.09667335	-0.015121479	0.5570049	0.33379048	-0.27713946	-0.16822647	0.07548203	0.30250424	0.1658553	-0.14249885	-0.38940194	-0.117911205	-0.039790455	-0.17381567	0.06933867	-0.19750278	-0.05863914	-0.49629292	0.22778141	0.38661405	0.06697205	0.14407845	-0.20819883	0.47304693	0.15837622	-0.28194073	0.11818566	-0.005228604	-0.38266116	-0.054224998	-0.2900135	-0.10293142	-0.17571664	-0.45042565	-0.19371368	-0.019232223	0.21531183	0.22841476	0.15917353	-0.4030827	-0.049282424	-0.28934497	0.028166275	-0.5061228	-0.03629234	0.08414314	-0.315928	0.06477445	-0.23651853	-0.22216292	-0.19429769	-0.3184491	0.16145954	-0.114718236	0.087952904	-0.084605664	-0.12650265	-0.2415787	-0.27480328	-0.11951394	0.11931414	-0.11497022	-0.25879705	0.27819183	0.13645995	-0.22301534	0.068419054	0.38039714	-0.16798411	0.07138684	0.16162975	-0.021011518	0.18608001	-0.13044713	-0.14281522	0.062069353	-0.22655778	-0.057083756	-0.042101305	-0.100513294	0.14074191	0.17772274	0.13965651	-0.35772723	-0.07706262	0.061907127	-0.35553068	-8.483784e-05	-0.31945732	-0.03490345	-0.19392684	-0.28723583	0.40468583	0.5687226	-0.26579395	0.065542825	0.08523747	0.18275431	0.53769296	0.255308	-0.014073239	0.011864028	0.16405605	0.026414685	0.07951912	0.008719143	-0.04938075	-0.090391174	-0.08990204	-0.011977075	-0.081529275	-0.014847936	0.23701079	-0.2896327	0.09563308	-0.054078	-0.12589593	0.22298495	0.2223414	-0.025937408	0.011224065	-0.032142878	0.060558695	-0.12870781	-0.1623673	0.2045615	0.022305505	-0.01560605	-0.224994	0.081934296	0.075547196	-0.35397628	0.075497106	-0.20983605	0.048822675	0.30198213	-0.08465869	-0.14083812	0.25219336	-0.111593686	-0.024610499	-0.0941567	0.13965704	-0.25423685	0.08401426	0.11953698	0.28027743	0.14945097	0.045279298	-0.105742484	0.045726497	0.35515487	-0.08606465	0.0025836302	0.20761858	-0.05921123	-0.22136201	0.026969573	-0.28801495	0.35626888	0.12056411	-0.4839943	0.047307316	0.09492393	0.113104716	0.17032488	-0.24762373	-0.18300472	-0.13314687	0.26752895	0.12277147	-0.15500186	-0.08681095	0.098553434	-0.14838378	-0.088717595	-0.07871202	0.10226125	0.2957411	-0.049710836	0.5090984	-0.087006696	-0.094560586	-0.04615161	-0.14159226	-0.060152177	-0.41066173	-0.3168352	0.13659306	-0.19055548	-0.17346446	-0.26818863	
-0.118463024	-0.29432508	-0.3060377	-0.2268454	-0.11049809	0.028863639	0.30287576	-0.16183324	0.13669053	-0.01822247	-0.2004732	0.21360318	0.04009553	-0.00043931333	0.072543226	0.04810244	-0.09420489	0.13455935	-0.20196731	0.25436532	0.036493633	0.017149067	0.09125739	0.1789729	-0.12867035	1.1455138	-0.13238107	-0.21025643	0.101475656	-0.13574992	0.12358109	0.18005805	-0.14908676	0.016876081	0.16693594	-0.34304357	0.12759607	-0.32616565	0.090395436	0.15224664	-0.2192042	0.1024398	0.3722215	-0.057537742	-0.07213611	-0.30814192	-0.19001864	0.016228314	-0.13184598	-0.22081348	0.09599056	-0.1908552	0.17961508	0.022751138	-0.14308962	-0.13228631	-0.06904261	-0.020594375	-0.3871294	0.2443288	0.12731408	-0.008135578	0.4000646	0.092288755	0.098511785	0.08302808	-0.006519231	-0.3393724	-0.14279564	-0.20269553	-0.19104126	0.33906117	0.16423199	-0.09421791	0.06698573	-0.03592072	0.10139026	0.08024797	0.17026882	0.12799652	0.27405366	0.18153304	-0.12395006	-0.286754	0.19453986	-0.280324	0.083368406	0.080153175	0.02768064	0.15594612	-0.06910338	-0.2691407	0.27637246	0.45944303	-0.080574736	-0.15228671	-0.026758948	0.05932599	-0.075319156	0.09444088	0.114746414	-0.1869546	-0.119328596	-0.0970852	-0.1625027	-0.35346875	0.0439667	-0.15940866	0.050707664	-0.16944566	0.0046455036	-0.02716112	-0.05001836	0.18000142	0.18172866	0.048386388	0.30613798	-0.12692156	0.024920387	0.06232806	-0.057350993	0.027771054	0.016380176	0.036211357	-0.021590779	-0.015880622	-0.019304337	0.05850266	0.19037354	-0.011028769	-0.16197181	0.007906329	0.007879285	0.17011239	-0.099860065	0.02606172	0.08370922	-0.07812288	-0.1136183	0.05687954	-0.17135744	-0.2830979	-0.039238136	0.10708163	0.22051515	0.20121859	-0.43225	0.0105235735	-0.011672805	0.056187484	-0.009787862	0.34957835	-0.06738591	-0.29880822	-0.24809386	0.31869906	0.07200252	-0.29154545	0.091273546	0.2729926	0.05788121	0.07044683	0.044122446	-0.003494366	-0.023499943	-0.09966941	-0.24948941	-0.17671391	0.07806351	0.13860603	0.22645612	0.108744174	0.00629956	-0.08572457	-0.1099883	-0.08966799	0.100874305	-0.06925674	-0.0626308	-0.11479992	-0.2767099	0.038333982	0.023000626	0.27335837	0.16976908	-0.16289137	0.095526315	0.05505795	0.19906779	0.503414	-0.08837044	-0.08156632	0.10252215	0.055546205	0.07580136	-0.17587098	-0.2878364	0.2775498	0.027559193	-0.0870433	-0.021908604	-0.2590374	0.037058476	-0.006211774	0.3269512	-0.1461713	-0.0794666	0.10426334	-0.024275152	0.089273565	0.049007315	0.34616843	-0.015718253	-0.3330077	-0.1458503	-0.13805549	-0.023216935	-0.11709212	-0.2592218	-0.07178449	-0.31666937	-0.018779367	-0.42147875	0.20003843	-0.057376422	0.022984536	-0.027303124	-0.29157576	-0.53185517	0.16515918	-0.037242457	-0.12833254	0.06447837	-0.0034014753	-0.19690205	0.087187394	0.1108068	-0.06993175	-0.15875758	-0.0059527955	0.0796005	-0.105866745	0.07708478	-0.07930225	0.16662028	-0.2272422	0.356593	0.2212628	0.30190644	0.046163097	0.19118474	-0.23684807	-0.20025043	0.14492343	-0.061069056	-0.031701572	-0.053381734	-0.10409557	-0.060711544	-0.3400056	-0.054187078	0.15466738	0.06714584	-0.29528338	0.37316215	-0.019320074	0.11757772	0.1325318	-0.15950286	0.050190795	-0.11302303	0.19528995	0.28429043	-0.06236224	0.018756257	0.180105	-0.15101895	0.25336865	-0.20050049	-0.057702925	-0.28766495	-0.0687438	-0.42290792	0.37465057	-0.12938493	-0.17489572	-0.22895123	-0.30122417	-0.21127047	-0.089406565	0.24062446	-0.07491866	-0.2025218	0.4173549	0.13869794	-0.28843415	-0.112218186	0.05491779	0.34611648	-0.15980434	
0.08769914	0.0071741203	-0.14085206	0.19138928	0.14237744	0.15433256	0.012312641	-0.015579421	0.23433138	-0.048267256	-0.049656972	0.00011234066	0.10728058	0.19976152	0.005661151	0.076568656	-0.103267826	-0.0068074143	-0.06326038	0.03527317	0.13624734	0.06728885	0.112218626	-0.24116673	-0.21929139	0.8046665	-0.0014735922	-0.14339113	0.1632847	-0.22847685	0.0067054713	0.08920654	-0.16043772	0.04506897	-0.09337108	-0.046154764	-0.030811237	-0.10910479	-0.053229924	-0.16271053	0.15267459	-0.23587665	0.18010758	-0.03786197	0.08034007	-0.32891706	0.05582258	-0.0059443465	0.040371116	0.039040208	0.060067873	-0.06382658	-0.018755065	0.18216853	0.024139104	0.101465195	-0.16072711	-0.12715621	-0.22502674	-0.059626862	-0.0069507947	-0.04823727	-0.13292052	-0.09447971	0.06927955	-0.10223937	-0.13254371	0.4651112	-0.054752465	-0.07079289	0.04561878	0.25912878	0.055635482	-0.11416503	-0.03169592	-0.18679546	-0.13554017	0.013865623	0.16038054	-0.14487994	0.1095559	0.1457911	-0.2109912	-0.14936891	0.14964947	-0.2917562	-0.07889385	0.1204872	-0.15797783	0.14733887	0.06674856	0.035517816	0.11037929	0.19839783	0.07174801	0.049045414	0.12958935	0.06400552	-0.17822912	0.062623896	0.092261575	-0.04899192	-0.00010179734	-0.028650897	-0.06474246	-0.014995777	0.0018416288	0.026427155	0.005884895	-0.023310041	0.1800445	-0.15806946	-0.0010768564	0.17407593	-0.053503837	0.13854423	0.16546665	-0.30216217	-0.005115724	0.23893397	-0.05783492	-0.061912265	-0.039668344	-0.055069167	0.10553798	0.023143087	-0.17297526	-0.031970654	0.011251605	0.038124677	0.013823202	0.145078	0.06831424	0.20552017	-0.06877322	-0.18573447	0.06781707	0.1928655	0.042930573	0.0248948	-0.063566625	-0.111166015	0.1534236	0.24606794	0.15878487	0.09305233	-0.09193248	-0.13702387	-0.09080398	-0.12045979	0.1549156	-0.052079566	0.22195207	0.07985429	-0.045159	0.22107863	-0.025934007	-0.21535386	0.11180263	-0.1331898	-0.03552772	0.04848758	0.012568317	-0.113075	-0.14070977	-0.14319439	-0.14208475	-0.13359489	0.023982543	-0.016123064	0.14512546	0.10864879	-0.22901323	-0.20140266	0.045121126	-0.07913947	0.14798906	0.01845646	0.20534606	-0.04349379	-0.050523646	-0.13077818	-0.05870692	0.2317235	0.047777206	-0.13431518	-0.13175589	-0.1311944	0.20659485	0.18457457	-0.022234486	0.039524037	-0.008895565	-0.32892027	-0.013117947	-0.0035574446	-0.14182444	0.028186603	-0.049849804	0.10153671	0.09473291	-0.06395543	0.07138726	0.21530242	0.069470696	0.26305264	-0.059395596	0.07849798	-0.014028318	0.06650155	-0.12032136	-0.016639957	-0.045017004	-0.07395035	-0.07671283	-0.073583834	-0.032935165	0.28201735	-0.17877975	0.14245915	-0.13835391	0.108051606	-0.120445155	0.14341246	0.10440181	0.021130366	-0.038881507	-0.42606053	0.1831677	0.08075719	-0.1630911	-0.0816551	-0.12679991	0.19620688	0.09006884	0.21924439	0.08652269	-0.06364681	0.02434308	0.043343067	0.016695147	-0.23239568	-0.043964382	-0.12188962	0.29129732	-0.15808435	0.053258017	-0.07277655	0.15416837	0.23009767	-0.0033995942	-0.046885755	-0.12818964	0.028956218	0.053156834	-0.21044457	0.44722766	-0.20459388	-0.24840549	0.067171074	-0.08138723	0.25239623	-0.10412222	-0.2369703	0.16249348	-0.108289376	-0.057554208	0.17119044	0.19898728	-0.28497523	-0.07035847	0.2187812	0.14659932	-0.2049788	0.06583315	0.09651788	-0.039979156	-0.08043019	-0.049477953	-0.021642393	-0.06331135	-0.024812851	-0.33816886	0.2422576	-0.17310953	-0.031065144	0.0023609372	0.050341252	0.18246403	-0.15584426	0.13341674	0.12387845	-0.33368686	0.22743347	-0.086608745	0.0024753034	0.08857826	-0.17209968	-0.07465246	0.20345129	
0.034018848	-0.15657406	-0.0818833	-0.061776932	-0.0061998903	-0.112355515	0.16148105	0.02282738	-0.07247473	-0.114967816	0.05471863	-0.048040744	0.15826553	0.07280306	0.16957806	0.023530113	0.063360795	-0.10834081	-0.08283775	-0.096177295	-0.06411064	-0.04827583	0.08916462	0.09241243	-0.14576033	0.60655177	0.02034832	0.2285107	0.12156437	0.0023536263	0.052314185	-0.053110126	0.108747095	-0.025421279	-0.03298161	0.02782626	-0.09054167	-0.0044060065	-0.13956991	-0.056270126	0.10187087	0.06715891	0.0049535926	-0.12692156	0.10402862	-0.076874845	-0.09291009	0.030001456	0.03470184	-0.014027156	0.1494339	-0.028239336	0.11263376	-0.0064400197	-0.053056154	0.095075995	-0.115604736	0.06743474	-0.26813388	0.029279914	0.12107431	-0.11215093	-0.051600456	-0.06029484	-0.0699633	0.015510342	-0.16448712	-0.09002172	-0.10894875	-0.0074925423	-0.016330114	0.0025298302	-0.2000524	0.05226993	-0.04114682	0.030785816	0.0802552	0.121108234	-0.025538504	-0.2043566	-0.04138903	-0.027726835	0.13271728	-0.16809034	-0.11583326	0.185877	0.0031469692	-0.12565814	0.07581392	0.09671195	0.043545246	-0.1226502	-0.1860918	0.17602934	0.12162815	0.08933828	0.00463186	0.056034166	-0.15706794	-0.086053476	-0.10485646	0.13449818	-0.33572856	0.005320754	-0.13442095	-0.019285768	-0.06823238	0.16878068	-0.12921146	-0.13736665	0.056727875	-0.20699324	0.022040822	-0.016375639	-0.050543472	0.030721107	-0.007972396	-0.119611226	-0.11748292	-0.0973225	-0.11805694	-0.10839862	0.12495906	-0.05781714	-0.070461474	-0.033977237	0.13096596	0.15021983	-0.11502247	-0.19672604	0.04496366	0.026608117	0.045938384	0.072348535	-0.10781598	0.04108688	-0.18591814	0.029461315	-0.027465992	-0.089729056	-0.13237748	-0.05059316	0.06730198	0.092077255	0.099882364	0.044829365	0.013344771	-0.058592424	-0.32793844	0.038785346	0.09412984	-0.08273325	-0.11151824	-0.028491288	0.053578835	0.21755195	-0.1213955	-0.029015247	0.097027466	0.106152005	0.15429303	-0.01855703	0.27817822	-0.03660029	0.019835189	0.0769542	0.098767065	-0.11789576	0.14286272	-0.01581408	-0.02090954	-0.03626656	-0.030806052	0.1350528	-0.07209613	0.015851263	-0.15627635	-0.111807376	0.0111130215	0.05374116	0.027820492	0.14529748	-0.06869393	-0.014495361	0.007034084	0.04672336	-0.03601724	0.07924252	-0.01560283	-0.110201605	-0.17212903	-0.08756386	0.0005786185	0.1602302	-0.03573645	-0.03617572	-0.14052045	0.12292205	-0.09838761	0.07416092	-0.039281987	-0.06636261	-0.14826877	-0.047034454	0.011643345	-0.024679963	0.0483221	-0.09099116	-0.13807157	-0.009867988	-0.16791342	0.18790922	-0.2190082	-0.14655212	0.07320638	0.007404301	-0.01541427	0.026876878	-0.13820387	0.041641537	-0.0035435907	0.025296107	-0.14212902	-0.17493494	-0.094137944	0.1327545	0.054620955	-0.106125586	-0.00944319	0.06462198	0.09332433	0.08142984	-0.14881124	0.23128842	0.100565	-0.01181993	0.12221058	-0.018634524	-0.10351004	-0.056897353	0.25557283	-0.011922722	-0.09289755	0.12856981	0.14107986	0.020766826	0.17597546	-0.26351902	-0.0056938627	0.13350494	-0.08414517	-0.06266169	0.27035606	-0.065509155	0.03557297	-0.06970437	-0.038362987	0.052944604	-0.059759434	-0.11961804	0.15500125	-0.11113701	-0.17727834	-0.015998602	0.06433021	0.045391355	0.04437905	0.21122105	0.11202694	0.07002633	0.05669711	0.060359493	-0.012919299	0.09440838	-0.17992379	0.0033171028	-0.03186627	0.27949896	0.20062068	0.0017739236	0.026563358	-0.13915586	-0.073848344	0.21844028	0.045712873	0.1771461	0.24640138	0.048029862	-0.0117006395	-0.013053007	0.12177686	0.02477592	0.030923484	-0.020434508	0.14492524	-0.208922	-0.06183608	0.19090126	0.027068947	0.10380556	
0.0017835473	-0.040944334	0.0047872923	-0.0043515423	0.01476906	-0.037473854	0.00828094	-0.013481033	-0.00760668	-0.008753703	0.036423977	-0.016141744	-0.010661655	0.023188176	-0.014830395	-0.0056548617	-0.039088383	-0.003381966	0.020310014	-0.022289818	-0.003302405	-0.010531676	-0.005406471	-0.07421342	-0.0052948254	0.15843189	-0.0035596055	-0.018070279	-0.008750476	0.007307178	0.010440235	0.025647944	-0.01689381	0.0056087836	-0.01658017	0.035577763	0.0022012433	0.011681984	0.0393048	-0.029854566	-0.03447507	-0.027325748	-0.0263962	-0.017671224	-0.019786665	0.030902723	-0.035813164	0.029764736	0.018642986	0.024260862	-0.022703877	0.023695419	0.009625801	-0.026530035	0.024862895	-0.025900038	0.028893167	-0.0068851863	-0.056221753	0.095960595	-0.00985467	0.09633401	0.0028727613	0.0037021134	0.05321899	-0.021892287	0.019694706	0.031602923	0.01499046	-0.022009553	-0.026623502	-0.005595837	0.005446398	0.018731529	0.017102836	0.01783838	-0.013702604	0.013417191	-0.028041199	-0.017309697	-0.026452286	-0.009599144	-0.0015038681	0.008105843	-0.005079828	0.027670415	0.02359807	-0.0039428803	0.025243653	-0.01956992	-0.00017781377	-0.010884727	0.044285093	0.0041072643	-0.03765997	-0.00049474934	0.00086331955	0.0026130516	0.0019567516	0.0119589185	-0.03883149	0.0005391653	0.04883345	0.033550896	-0.019414203	-0.07723922	-0.022900634	-0.023814691	-0.00083279825	0.019403605	-0.08881521	0.0125727905	0.01722783	-0.028721606	-0.024367265	-0.012212326	-0.0038206351	-0.01327821	-0.005423449	0.034752324	0.0007858689	-0.031973112	-0.007944827	-0.021480002	-0.038089346	-0.014809587	0.0057104975	0.012917168	0.0003752536	0.034173507	-0.047435652	-0.017977599	0.018597804	-0.039165277	0.009015341	-0.021430345	-0.0026074734	0.0129008675	-0.0017629015	0.035586376	-0.0012258344	0.004050571	-0.014865853	-0.02593253	-0.005069946	0.02874188	0.017406302	0.021134997	-0.014697868	0.035390485	-0.0744894	0.044233173	-0.015937598	-0.0052066	-0.0019213421	-0.03702172	0.035928585	0.08869583	-0.017336948	-0.023265643	-0.031113954	0.024423445	-0.01593197	0.017577477	0.02036315	0.011259803	-0.03188699	0.031123167	0.0072128014	-0.01662915	0.020330567	-0.026885686	-0.008409885	-0.02843865	-0.039631914	-0.025728105	0.0037149983	-0.0011327596	0.021787964	-0.004991	-0.011001476	-0.039358817	-0.0020689701	-0.020650487	0.019529844	-0.09696951	-0.0007757088	0.032327946	-0.052659784	-0.02770023	-0.03662544	0.05298224	-0.015396789	-0.048998978	-0.013449758	0.013844381	0.024145091	0.008520509	0.03594849	-0.01805603	-0.041280195	-0.01142824	-0.043346357	0.021983454	-0.04000291	0.0029908137	-0.01926474	0.0014556521	0.002021796	-0.0145018725	-0.011188444	0.035242394	-0.032695636	0.0020759176	-0.014484526	-0.021980189	-0.016108725	-0.061930776	-0.0068183877	0.018412262	-0.14124765	-0.004641921	-0.036777545	-0.004933009	0.048554823	0.00936879	0.032822687	0.011918828	0.03709566	0.037890725	-0.035762537	0.035526246	0.01423372	0.020201707	0.0015780659	-0.0015361705	-0.007336306	-0.009670182	0.007476617	-0.015830383	0.032875657	0.018299637	-0.007957424	-0.04209805	0.055415858	-0.017006284	0.015303254	0.008020017	0.011291285	0.03710684	0.037944842	-0.055400047	0.011226119	-0.033169217	-0.004741129	-0.006999923	-0.04339787	-0.034218833	-0.015245557	-0.031149803	-0.009074447	0.021263763	0.015732327	-0.1846438	-0.030265579	0.019310774	-0.031453717	0.035994846	0.028965853	0.04874751	0.0052259243	0.01812047	-0.018432518	0.040945522	0.0016169231	0.030899355	0.024203954	-0.0091778375	-0.026157284	-0.046393383	0.06124344	0.02683424	0.017984623	0.0046739494	0.018372534	0.00071293395	0.013864466	-0.02241336	-0.026433108	-0.03202369	0.010109535	-0.018744774	-0.032573085	0.021881782	-0.056339692	0.006967639	0.047946047	0.03206769	-0.021962827	0.019108685	
0.14244418	-0.10750764	-0.072008334	0.061409503	0.010299881	0.055433284	0.048250813	0.033733007	0.003190939	-0.0864048	-0.05865209	-0.06159508	0.06932076	-0.040183235	0.058700576	-0.027949737	0.04030773	-0.1082279	0.09914862	0.012249705	-0.048823256	-0.0060074255	-0.026556045	0.0112677505	-0.10074335	0.2280968	-0.15392746	0.07825041	0.0042952546	-0.016308343	0.082271986	-0.095824726	-0.07145349	0.03163679	-0.057124734	0.05311205	-0.05636329	-0.035568837	-0.047568828	0.053122282	-0.0014282484	-0.15655409	-0.059142124	-0.041540872	-0.09814773	-0.005804133	0.036476504	0.03627558	0.020892024	0.0744737	0.046554584	0.071902364	-0.054360364	0.005175071	-0.008347732	-0.06843858	0.07977782	-0.04862808	-0.0030899793	-0.019092835	-0.05893424	-0.023062982	-0.0057860613	0.094283186	-0.02961648	0.046353117	-0.03752551	-0.076556474	0.019749573	-0.028770523	0.08414284	0.03346241	-0.065592915	0.027749121	0.13699022	0.04026944	-0.021698019	0.16866297	0.031430487	-0.014894377	-0.060282793	-0.082952075	-0.09858552	-0.07990489	-0.034101855	-0.0026479021	-0.012273669	-0.014921583	0.00863159	-0.022408718	-0.12038037	0.05426842	0.090679824	0.09399124	0.106036186	0.082528956	0.108932555	0.05136295	0.01027106	0.15965725	-0.08915838	-0.011285552	0.030641325	-0.14176284	-0.03967128	-0.1320211	-0.015849706	0.012561073	-0.07596583	-0.07103884	0.016254278	-0.051388446	-0.046275333	-0.0581453	0.019700505	0.018098297	0.03207004	-0.0050209374	0.0882377	-0.0033633106	-0.014178693	0.0806879	-0.045608938	-0.08837977	0.044069383	-0.0033496416	0.07991693	0.10944537	0.13512878	-0.08600965	0.04944144	0.014146332	0.007828356	0.055789184	0.07439094	0.051915213	-0.112871416	0.0975704	0.033949286	0.019933572	-0.036912065	0.043713048	-0.05628222	-0.03307647	-0.13997976	-0.12570661	0.19055308	0.01408225	0.029693613	-0.04556835	0.019795995	0.03749651	0.059584428	0.015174477	-0.0038015246	0.026446534	0.030221468	-0.024763742	0.0722757	0.12928307	0.0019926138	0.03906379	0.058531392	-0.031514827	-0.041323602	0.014473833	0.15041403	0.002965105	-0.017022358	-0.07331615	0.16874652	-0.0005892639	-0.026988273	-0.036924955	-0.054874238	0.086422525	-0.006278142	-0.02059458	0.07517395	0.08918775	-0.022139132	0.021020701	-0.07043333	0.012376909	0.11638489	-0.13238691	-0.03274561	0.060909305	-0.043851	-0.07908607	-0.019060757	0.14928223	-0.11050973	0.050865438	-0.031214334	0.0508559	-0.18589391	-0.07186779	0.006262436	0.04901731	-0.049004886	-0.0593774	-0.05558161	0.007072806	0.06948104	0.019957198	-0.031195736	-0.12890033	-0.0063287118	0.03254739	-0.03829465	0.08990532	-0.070964135	-0.07554556	-0.06094502	0.041190106	0.03183438	-0.001845013	-0.018370768	0.091645025	-0.09576061	0.06452777	-0.036179725	0.009637368	0.023539962	0.022707364	-0.000104592495	-0.019643972	-0.041731104	0.041477162	-0.03488913	-0.12639585	-0.0123989135	0.010611239	0.00051594526	0.033479255	0.048314482	0.006122485	0.050629616	-0.097884834	-0.029753508	0.0050406777	-0.049399942	-0.05687481	-0.0073116296	-0.011258413	0.10778868	-0.0034736756	0.07038634	-0.020204904	0.037442803	0.011065132	-0.0018840265	-0.011924404	-0.020412235	0.035805967	0.036129523	0.10501114	0.016980186	0.07648107	-0.0027892776	0.10591344	-0.016811691	-0.024640553	0.0011793729	-0.05148242	-0.011249567	-0.008606273	0.04745248	0.020795764	0.053640407	0.063372135	-0.0069356193	0.04426269	0.06439173	0.00061374035	0.011543757	0.0066074543	0.033865944	-0.073955104	0.1090005	-0.05293962	0.15478517	-0.040556807	-0.13817716	-0.014134546	-0.113833345	-0.06105124	-0.068529926	0.014979939	-0.07288467	0.11291456	-0.019785838	0.17149465	0.008217021	0.09624348	0.057688817	0.088442236	0.006254233	-0.039609935	
0.012968118	-0.051862966	-0.030708421	0.03386059	0.10038796	0.020202737	-0.0024629086	-0.06615175	0.0205344	-0.026776638	-0.029548928	-0.019895151	0.07731417	-0.05478329	0.020292792	0.019846743	-0.013765892	-0.010563719	-0.082403295	-0.008437641	-0.019691184	-0.048320368	0.056400135	-0.055872038	-0.014997974	0.21688053	-0.043185513	0.003444911	-0.019908281	-0.0019789673	0.004297107	0.027604008	0.012537172	-0.050278775	0.0019655554	0.0076831644	-0.05711793	-0.02098604	0.008175887	0.058533445	0.004886425	-0.20266652	-0.05175164	-0.0023132246	-0.030204818	0.03092847	0.000933887	0.03507649	0.04735092	0.012677759	-0.019995755	0.012181809	0.0177234	-0.039951026	-0.022687376	0.014816899	-0.09761063	-0.015611158	0.041701492	-0.008037483	0.018288191	-0.0895699	-0.017250368	-0.063547336	0.0016975577	0.031919267	-0.010545174	0.054433193	-0.0471949	0.007681843	0.014915777	0.06369713	-0.010235345	-0.014384016	-0.015803002	0.023026327	0.14099845	0.014996855	-0.011828363	0.01137108	-0.04296278	0.018705856	0.0077618253	-0.007542141	-0.0031150691	-0.0029584842	-0.050124854	-0.055665527	-0.013924664	0.12359384	0.042445846	0.0028290832	-0.13261883	-0.019003116	-0.038185775	0.076638654	-0.036405005	0.04322756	-0.0027020732	0.049034327	-0.021685509	0.048743416	0.019938156	-0.039561052	0.049264397	-0.08915737	0.06237931	0.013979195	0.030370176	0.024167493	-0.068043455	-0.013766786	-0.026054554	0.04115695	0.018857135	0.00010835379	0.043208085	-0.050573833	0.023587128	-0.01786767	-0.061804045	0.02472155	0.08558071	-0.040246464	0.013379758	-0.07445538	-0.05048932	0.011463892	-0.020518612	0.024294466	-0.02090302	-0.026875896	0.12036715	0.02865274	-0.0044265273	-0.04388243	0.019778123	-0.06929931	-0.019444209	0.031534158	0.07871124	0.013449438	-0.034014467	-0.028236283	0.04220491	0.04595936	-0.019369178	-0.07994935	-0.032589614	0.05654385	-0.043780763	0.10644364	-0.06658041	0.056555353	0.041624863	0.05179093	-0.014052399	0.12732463	0.016922705	-0.0027344874	0.18949571	0.027770853	0.02475752	-0.0022908452	-0.09247799	0.033670895	-0.032292165	-0.021277195	0.006798364	-0.04848443	-0.00040601753	-0.041829787	-0.14354537	0.0701517	-0.031622343	-0.066251814	0.019219425	0.03876934	0.09873334	0.0006422363	-0.017523998	0.004163657	-0.03677088	-0.02899503	0.03950032	-0.08593422	-0.03178887	-0.0026611947	0.03355953	-0.033989817	-0.10198194	0.06678421	-0.07079836	0.029896893	0.0153196445	0.032532323	-0.033622406	-0.038327847	-0.06737435	-0.040476315	-0.009073214	0.019642586	0.011292068	0.02621838	0.039875828	0.014435366	-0.038178876	-0.013220615	0.044324826	0.038713694	-0.096785925	0.0022009192	-0.0558452	0.0135944495	-0.02165063	-0.058622032	0.054569058	0.100489244	0.04266119	0.012818748	-0.08406407	-0.028554793	0.011515517	-0.028713834	0.019603716	0.041667894	0.07179278	-0.0079460405	-0.02949056	-0.018295033	-0.05328007	0.03310363	0.006991037	-0.0344612	0.03177999	0.046980366	0.0037961258	0.08838411	0.036798578	-0.0016533732	0.02470357	0.01776033	-0.006096244	-0.021705173	-0.006211538	-0.09334946	-0.011411764	-0.047343116	0.04829561	-0.00038204715	-0.03846082	-0.04461431	-0.05132422	-0.0047338326	0.06869848	-0.07793838	0.06825655	0.010027975	-0.007914875	-0.01179323	0.012170279	0.057941854	0.061642107	-0.008515104	-0.041723058	-0.017605636	-0.012453502	-0.0020350646	-0.007286266	0.010641431	0.12384319	0.012516817	-0.052345186	-0.0094708055	-0.014110236	-0.022803606	0.017886702	0.02085783	0.0217368	0.031032946	0.09273591	0.020327026	-0.022301089	0.046649728	0.05730807	-0.02942728	0.011897742	0.014154801	-0.015799847	-0.029131562	0.00029684976	-0.020894818	-0.039427474	0.041489325	0.09870449	0.013689595	0.0064816047	-0.035595916	0.024688859	-0.032118835	
0.025591621	-0.3397781	-0.14543852	-0.0053377673	0.16879395	0.038625352	0.16881399	0.01848357	-0.05961483	-0.07497176	-0.08496968	0.16473502	0.037733	-0.09104892	0.051302887	0.1264636	-0.39491072	-0.21714318	-0.11910623	-0.015546931	0.022533085	-0.11151891	-0.16153204	-0.20922463	-0.026406692	1.0638349	0.0004578104	0.098725714	-0.17884947	0.24355468	-0.04519632	-0.13679792	0.058553167	-0.07459434	0.113824554	0.024332188	-0.09823202	0.36621544	-0.05851161	0.027468512	-0.05099744	-0.026214285	-0.07284514	0.15671003	0.006451807	-0.0631534	0.10704274	-0.27899504	0.014959176	0.048450645	-0.26045373	-0.2862646	0.26599416	-0.1454521	0.149408	-0.10417185	0.0036991755	-0.14302132	-0.45670033	0.18369296	-0.1410038	0.19477066	-0.14711222	-0.22982578	-0.1634163	-0.40181163	-0.07713512	0.053015947	0.31203657	0.10228851	-0.05890233	0.16628459	0.003971106	0.13762407	0.23657729	-0.24189895	-0.077739924	0.085593775	0.4886935	-0.4309266	0.028369866	-0.1664786	0.01184352	-0.15946506	0.096325174	-0.024542375	0.08426845	0.024316236	0.064575054	-0.015454943	-0.31588894	-0.19302115	0.012978158	0.039391447	0.008110234	-0.06297161	-0.17154501	0.06441407	-0.16121142	0.43157998	-0.036552627	0.190965	0.36251846	-0.2769207	-0.22171272	-0.09421614	-0.015397866	0.09485969	-0.196586	0.20628005	-0.49333373	0.18450865	0.17293881	0.12157392	0.01834977	-0.105594255	-0.13824521	0.13733588	-0.23821396	0.037467815	0.0038340453	-0.058134094	-0.023971738	-0.2406024	0.12133539	-0.31428444	0.18523873	-0.21651945	-0.12547459	0.26695532	-0.13550313	-0.22072633	0.09350478	0.16291845	-0.092947565	-0.0013810202	0.18723568	0.033732437	-0.12069975	-0.019867105	-0.114959545	0.14362583	-0.25175935	-0.24456622	0.22385357	-0.028785037	0.19072881	-0.10695202	-0.07727472	0.269567	-0.21840431	0.172438	-0.005814884	0.14944845	0.034726303	0.18353508	-0.14981678	-0.015739001	0.051778793	-0.025027528	-0.048555095	-0.07153233	0.117946416	0.026705494	-0.14984463	-0.0035141574	0.14649686	0.008815892	-0.29202473	0.14625183	-0.12806602	-0.070380874	0.018321056	-0.071389206	-0.04507775	-0.08191824	-0.07145314	0.22074124	-0.102095015	0.26989058	-0.16153896	0.038629428	-0.02271361	-0.09573994	0.21090005	-0.23703602	-0.22485135	-0.016976405	-0.099542916	0.40007085	-0.26037353	0.031627443	0.0071681123	0.0023986998	-0.092116565	0.052967537	-0.15980203	-0.28121692	0.2408751	-0.20091976	0.10217403	-0.04499962	-0.043311097	0.012810037	0.03234269	-0.10276467	-0.013672288	0.013240882	0.11933845	-0.12544926	-0.23547533	0.2941239	-0.13564855	-0.13065599	0.0017803201	0.048310243	-0.089081794	-0.22034584	0.17656277	-0.052157275	-0.3724175	-0.0149556855	-0.06719865	0.031091392	-0.05525996	-0.2212992	-0.026735654	0.15948933	-0.00557443	-0.32700413	0.25337175	-0.017982012	0.14509653	0.27971378	0.01946327	-0.029210215	-0.27088097	0.28338525	0.022901786	0.19839157	-0.07227161	0.16278918	0.010490062	-0.191133	-0.15399429	-0.08257855	-0.26220766	-0.06341199	0.087390274	0.40776396	-0.25082877	-0.1425038	0.19262703	0.01768849	0.4359514	0.10178	0.17189448	0.05951379	0.083058335	0.12275576	-0.10646553	0.28934342	0.047040008	-0.2395189	-0.04050479	-0.12640336	0.1475175	0.11139246	0.0577861	0.06374115	-0.41307127	0.18861017	-0.0733084	0.21375372	-0.18024659	0.15889147	-0.4170329	0.06775543	-0.38801935	0.24019876	-0.21199496	0.018763842	-0.4040799	-0.05732892	0.22070199	-0.040275116	0.01672353	-0.009891445	-0.028911315	-0.26114106	0.00044501774	0.25988123	0.039402798	0.122918755	-0.07779637	0.050620213	-0.017135706	-0.038409363	0.14143969	-0.065192744	
-0.028101034	-0.011462921	-0.03320124	-0.11248197	0.024739305	0.021514943	0.01391259	0.023105068	-0.008777577	0.046652354	0.028571337	0.023991944	0.049466003	-0.014298752	0.0015907115	-0.05797083	-0.02105518	0.038498525	-0.058350347	0.028707873	-0.016776472	-0.02080317	-0.028103571	0.10890259	-0.0047855964	0.2648815	0.015068989	0.04402185	-0.022466045	0.036896735	0.009213306	0.008242585	-0.0013258588	-0.0024513267	0.02854263	0.058192126	0.009770269	-0.043206032	-0.061593857	0.0036219857	0.039149072	-0.0052536796	0.025122305	-0.0023564883	0.09451653	-0.08319629	0.05543655	0.028478235	0.0011395719	0.064664684	0.049703326	0.038282484	0.09904441	-0.04842588	0.07041549	-0.0632767	0.06765833	-0.02007746	0.003913082	0.0135442335	-0.008128132	0.09402867	-0.029579747	-0.015551262	0.014569629	-0.0628643	0.022115914	0.0009555677	0.03932152	0.029753048	0.020444296	-0.032024227	0.038045514	0.053604864	0.030772667	0.010597265	0.028727626	-0.04204206	0.07256893	-0.055729814	0.0356363	-0.024985274	0.019377852	-0.033428635	-0.093923055	-0.022962883	0.034402106	-0.0021109711	-0.03811608	0.023095172	-0.019099526	-0.03676319	-0.04130413	-0.11445428	0.0052668136	-0.011613673	-0.0033329232	0.0033204406	-0.02778786	-0.018151581	-0.053938877	0.026070263	0.016679902	0.008927026	-0.07195403	-0.07752816	0.053772833	0.00690939	0.0010596542	-0.0051286286	-0.19548781	0.08194155	-0.018379593	0.028756956	-0.0072815213	-0.011107619	-0.016219048	0.045138966	-0.06057799	-0.0013021231	-0.010011931	-0.0136910835	0.01703147	0.08081489	0.00828113	0.025775572	-0.05704283	-0.063679755	-0.023703054	0.08033364	-0.03825496	-0.027537856	-0.029559642	0.021953173	-0.05070893	0.016917014	-0.002914547	0.046539266	-0.010755712	0.018414756	-0.037226405	0.020274622	0.0067649223	-0.015266346	0.048010796	0.03726949	0.012666456	0.032509413	-0.004652325	-0.008609706	-0.028786305	0.012052971	0.06545674	0.054179005	0.007986558	-0.012962402	0.024780966	0.12101871	0.026599359	0.0072275316	0.04280945	-0.019371904	0.010462704	-0.001781594	0.0062277457	0.027868448	-0.06931789	-0.032012377	0.053218875	-0.09458526	-0.044431083	-0.06551823	0.07758106	-0.055061467	-0.0636761	0.0074556083	-0.0134450635	-0.00957652	0.15011531	-0.0082336655	0.0057388335	0.00036696158	-0.010291873	-0.06906981	0.04256888	-0.17268404	-0.017506618	-0.08206615	-0.02234945	0.0347227	-0.1838017	0.0021032775	0.0047610328	-0.014170714	-0.028744869	0.0041839806	-0.02508064	-0.061248474	0.027594857	0.056907754	-0.026311446	0.0027869903	0.007823618	0.037369803	0.049703076	-0.09897201	-0.01868297	-0.07413503	0.03216625	0.03117235	0.04139074	-0.01424782	-0.012098882	-0.045023993	-0.06652894	-0.023169346	-0.0086208	-0.0353828	0.058541134	0.014474589	-0.1653854	-0.038818896	-0.05164322	-0.04274425	0.017957292	-0.015199576	0.018387381	0.06874691	0.0033122152	-0.009687767	0.004670202	0.031187745	0.045876592	0.06850032	0.026356768	-0.008124152	0.018960454	-0.0270956	0.123568594	-0.0036622547	0.017397823	0.01180304	0.008532695	-0.06672538	0.062437814	-0.09936865	-0.007531251	-0.0046627074	0.01938029	0.0063217636	-0.08243582	-0.000394717	0.040713854	-0.032834746	0.041984245	0.050280444	0.00016804133	-0.006341208	-0.0032315701	0.013548664	0.057384178	0.006227111	0.04190837	-0.14294197	0.03824947	0.054955337	0.0140845105	0.062597446	-0.002517363	-0.0095101455	-0.053709514	0.05622512	-0.026653707	0.04258428	-0.0058151283	-0.0085284	-0.055601336	-0.02796248	0.0014271061	0.0053582247	0.028772047	-0.009398179	-0.062194403	0.012588471	0.018916415	-0.023856742	0.020821624	0.0028213006	-0.08154625	-0.0699609	0.08354204	-0.034743574	0.019911012	0.09692456	-0.09121685	0.028578563	0.018042693	0.043816164	-0.024039632	0.034509145	
-0.044645876	0.0018491037	-0.11700332	0.052009206	0.043840274	0.059453696	0.04038208	-0.040242787	-0.07599088	-0.051376525	-0.06838042	0.05445874	-0.033839002	0.08140636	0.018473111	0.008828024	-0.07423848	0.005423996	0.052600294	-0.01612177	-0.030259097	-0.0057587507	-0.037161317	0.093728535	0.010211019	0.30273893	-0.079543054	0.015707834	0.0302028	0.091295876	0.064857274	-0.124730885	-0.008178737	-0.027700908	0.047197606	-0.10169204	-0.05998394	0.0071609393	-0.15161319	0.020992106	-0.01935569	0.08822363	0.00076145615	-0.028886924	-0.008589011	0.047411267	0.06601741	-0.06471805	0.04651774	-0.00791983	0.07887251	0.017429488	0.070197165	0.02158755	0.09373013	-0.011176477	0.055259902	0.04279693	-0.0679851	0.04328646	-0.09650012	-0.012441583	0.043670464	-0.0019858591	-0.020233823	0.079813845	-0.030593371	0.059094023	-0.097798675	0.03236429	0.034894142	0.008412605	-0.071638905	0.028928613	0.11302436	-0.07195885	0.11258596	0.077091925	0.015851995	-0.031662617	-0.0911049	-0.06983266	0.018760243	0.008878975	-0.026034473	-0.03229146	0.00082982704	-0.043135945	0.06312519	-0.053230107	0.014541539	-0.0023701414	0.019455543	0.050218314	0.03145791	-0.0968528	-0.026508218	0.037832126	-0.014016007	-0.00543144	0.067164995	-0.05294375	0.023845693	-0.106470145	-0.10338684	0.0380042	0.021212189	-0.02471138	-0.14525683	-0.048633352	-0.1945823	0.12116521	-0.05187002	0.044827998	0.00017490175	-0.008140434	0.06340309	0.058040455	0.076317795	0.05985873	0.085483484	0.039627105	0.049832206	0.0034440134	0.0016970219	-0.08402731	0.11018195	-0.055966247	0.0069820895	0.10824146	-0.01654526	-0.059357908	0.048383687	0.05212273	0.01052444	-0.052688066	0.04709829	-0.06358067	-0.12223365	0.04730938	0.032444496	0.07161673	-0.06775129	0.04374692	-0.023249894	-0.04067797	-0.008295536	0.06439925	0.08641835	-0.028605508	-0.030099353	0.045099705	-0.026553065	-0.043913174	0.09373424	0.08351601	-0.03383537	-0.077892005	0.0033780436	0.048732	0.04611604	0.10983757	0.087699585	0.124063216	0.03085188	-0.01395971	0.08041851	-0.015266888	-0.0027065314	-0.003105099	0.032494757	-0.08229225	0.08210459	0.095594205	-0.05146706	-0.053075075	0.0071720183	0.019017316	-0.09258327	0.055805817	-0.053049807	0.041435182	-0.010565651	-0.03499307	0.050544087	-0.050860483	-0.054308455	-0.052817535	-0.0054897093	0.032396633	-0.056711648	-0.018816898	0.020903692	-0.034946077	0.0038133368	-0.00054651004	0.09081137	-0.024763366	0.012480706	-0.09236624	-0.062320545	-0.047882993	0.099701114	0.015587228	0.028772144	-0.0014738342	-0.0028184864	0.05084176	0.022656536	0.013385798	-0.03560623	0.040643074	-0.01056563	0.0131641785	-0.056707636	-0.05184338	0.025034541	-0.03767214	0.022966882	0.07447311	-0.060839508	-0.02828473	-0.023906818	0.024176752	0.024317369	-0.060546022	-0.12149578	0.021949641	-0.049619522	0.007430272	-0.018227527	-0.07001234	-0.020211743	0.07372129	0.03226676	0.02494576	0.018495658	0.09058875	0.05367824	-0.0019586303	0.06913922	-0.041141085	-0.015389285	-0.13228846	0.07745584	-0.02207861	-0.12782037	-0.008118234	0.028944694	0.16736907	-0.045195412	0.08127016	0.019369824	-0.0921776	0.01266849	0.089513786	0.060397077	0.012311493	0.0023711182	-0.048956633	-0.025817668	0.07745453	0.0021164457	0.0075496533	-0.021215701	0.06946519	-0.09490935	0.09969234	0.023614248	-0.02605828	-0.04563481	0.025534868	-0.06943881	0.01209874	-0.0657607	-0.09409335	-0.05227373	-0.048631933	0.0133674145	0.0015914167	-0.11875761	-0.09266069	0.023648178	-0.03572543	0.062397182	-0.02579437	-0.00090885785	-0.003678402	-0.037375543	-0.068392694	0.14488561	0.08443449	-0.004392577	0.038441475	0.015466086	-0.012166829	0.047939703	0.08215076	-0.02769812	0.053356066	
-0.0018404871	0.019158626	-0.05366617	0.110351466	0.008029048	0.009658652	-0.056654945	0.036656942	-0.031657804	-0.034116205	-0.070311174	-0.009567642	0.060169976	-0.027415335	0.049184967	0.003135388	0.065762736	0.0011447538	-0.018228484	-0.04956944	-0.013939413	0.06466117	-0.018627746	0.008192429	0.0673159	0.20338498	-0.005277497	0.044299852	0.010945643	0.017011842	0.03736971	-0.026389161	0.031003306	0.058496017	-0.030099466	-0.10568926	-0.044543236	-0.022226734	-0.016036278	-0.014460566	-0.05499281	-0.11904635	0.08574954	0.015680803	-0.082109496	-0.0042424984	-0.016551474	-0.022874141	-0.0088872975	-0.025459522	0.02419489	0.03535166	-0.056027275	-0.08011043	-0.009848975	-0.036701743	0.0031026725	-0.018027939	0.07229595	0.05296841	-0.024062464	-0.049267057	-0.06400921	-0.024030812	0.015347426	-0.028556267	0.020947738	-0.06651551	0.026185846	-0.17247577	-0.025894472	0.010711364	-0.07135009	0.034087267	-0.029685415	-0.025885006	-0.006766437	0.03361142	-0.061593253	0.077041626	-0.057240237	0.035778288	-0.04602058	0.03520903	0.0748846	0.029887343	-0.017662438	-0.047740746	0.028410599	0.05163005	-0.005245575	0.06342267	-0.057750534	0.12490507	-0.041732952	0.08650745	-0.027577013	-0.069461755	-0.03358898	0.06632999	0.05783852	0.07016384	0.039023697	0.005728602	-0.0101238545	-0.09764499	0.057847098	-0.0052304626	0.023023635	-0.018851828	0.028608048	0.029994316	0.0028781064	-0.031426784	0.041324887	-0.028651403	0.063761	0.058377042	0.09697493	0.07608903	-0.058722246	0.028519606	-0.012646596	-0.07625677	-0.07648823	0.025440915	-0.00932919	-0.004462323	0.104468346	-0.0074316137	-0.03835116	0.040798068	0.04846661	-0.045250762	-0.08250574	-0.047690928	-0.043652397	0.048547346	-0.012668199	0.03496006	0.010931648	-0.014749751	0.026519148	-0.047774415	-0.022118034	-0.014513967	-0.0019256212	0.027922012	0.024234703	-0.012018721	0.068084426	0.07886411	0.07899266	-0.025039965	0.043321338	-0.05445994	0.023563331	-0.09282697	0.01805091	0.008383918	-0.055129796	0.04347387	-0.042068835	0.0049775005	-0.08297967	0.0072727487	-0.007568574	-0.012732741	-0.0114885345	-0.013273872	0.004330441	-0.05693994	0.042775672	0.065750055	0.008343375	-0.05260228	0.011205472	0.054799926	-0.038167503	0.027968807	-0.0156161925	-0.07357535	0.05165613	-0.08771268	0.00062967214	-0.09922234	-0.0890423	0.037587244	-0.027540455	0.014214958	0.08773241	0.069845416	-0.06806616	-0.04523091	0.022694087	0.0008279576	-0.08747456	-0.021623338	-0.04401735	0.0550586	-0.03329492	-0.013593263	0.05429526	-0.004575337	0.0498133	-0.07539207	-0.05575246	0.013422172	-0.10083518	0.030387675	-0.08851752	-0.012828254	-0.048988026	-0.109040774	-0.039002266	-0.03275795	0.024798803	0.030158818	-0.020537077	0.07468757	-0.15836222	0.002578867	0.017645327	-0.08257237	0.020453589	-0.0006532939	0.024271116	0.01687398	-0.08582727	-0.015289411	-0.043905336	0.007287018	0.019168673	0.083062015	0.032963123	0.03708744	-0.06533671	0.037946437	0.007741768	-0.05261898	-0.021529093	-0.004562711	-0.049291324	-0.0047668666	-0.03817633	-0.022367576	0.11417315	0.041451186	0.0009677713	-0.09287191	-0.009621541	-0.03270972	0.011956875	-0.065661326	0.06587357	-0.04087911	-0.012641038	0.0020921866	0.057011146	0.089079045	-0.054177206	0.04947996	-0.06444875	-0.12011888	0.009848543	-0.0416823	-0.026941484	0.04310651	-0.028454587	0.059857596	0.055449545	-0.024165178	-0.014819306	0.00039778897	-0.029152015	-0.08989096	-0.038098734	-0.11143258	0.011842786	0.07464109	-0.0023491357	0.013629109	0.0077259648	-0.009083454	-0.050640587	0.03324709	-0.032756228	0.045900356	-0.0572985	-0.05880149	0.01472434	-0.0395371	0.05259412	0.14533843	-0.045555685	0.023620978	-0.080421396	0.019000024	0.03179505	-0.00244358	
0.07472521	0.0019234561	0.28831825	-0.03798365	0.014312185	-0.13328917	-0.079616785	-0.013953783	-0.08729802	0.123812094	-0.0122723775	0.2023733	0.065418154	0.065827385	0.21845579	-0.21843871	-0.1369427	-0.11226448	0.06851054	-0.11711425	0.020397715	0.017303638	0.045786895	-0.052541643	-0.030377539	0.6851193	0.20459497	0.013787851	0.26285547	0.020015076	0.0572758	-0.100739256	0.14233032	0.0053284415	-0.10361056	-0.07960277	0.5030508	0.005960326	-0.21027452	-0.1431058	0.17909098	-0.05039986	0.012226431	-0.0068162293	0.12008207	-0.0077450927	-0.12696238	0.095893465	-0.1909636	-0.39697495	0.18526885	0.03177594	-0.116814554	-0.15706564	0.0978709	0.24145514	-0.065392025	-0.21649207	-0.102888316	0.30431166	-0.3924355	0.13153693	-0.23423061	0.1547094	0.5294892	-0.12521231	-0.22800569	-0.26824468	-0.037870076	-0.19260587	-0.14676355	0.3459701	-0.0060029062	0.10430909	-0.16486815	-0.116059914	-0.11407679	-0.34047374	-0.12274459	-0.07873759	-0.110136494	0.07761891	-0.4384064	0.10325632	-0.07737659	0.23433422	-0.12939459	-0.11873149	0.10376945	0.23273903	0.17043105	-0.07507326	0.026185466	0.30906254	-0.085441925	-0.17597707	0.11854504	-0.1431067	-0.09453155	-0.021835905	-0.2705091	-0.25424156	-0.0011330015	0.037723206	0.20776743	-0.20241101	0.00053426647	-0.11113217	-0.09538465	-0.07882156	0.020755699	-0.14498882	-0.33908138	-0.035397615	0.041408017	-0.3631082	0.08186463	-0.05603503	-0.042077105	0.13346295	-0.13545072	-0.02605726	0.42428616	0.27307552	-0.15915735	-0.018527864	0.38398513	-0.025383359	0.10780041	-0.027155116	-0.3250503	-0.1070578	-0.09922016	0.24008773	0.356158	0.16293375	0.04832791	0.044281796	0.16854043	-0.08952024	-0.033367727	0.017584337	-0.04170309	0.09543589	0.26263255	-0.093179494	-0.006112515	0.24126443	-0.54498655	0.23487999	0.24481371	0.06991169	0.17485602	0.072706714	0.13723569	-0.2123511	0.06992546	-0.1777807	0.057842158	-0.14972705	0.17014569	-0.045678403	-0.07151901	-0.05418383	-0.24217944	-0.28557768	0.14216639	-0.099219315	0.05522834	0.092944324	-0.031575173	-0.057958696	0.25063404	0.0038163203	-0.112585835	0.15127046	-0.13307847	-0.004015425	0.40323907	-0.15369907	0.15010428	-0.23490229	-0.050248824	-0.04967804	0.29179358	-0.17720199	-0.30705068	0.02447169	-0.18549852	0.0750511	0.10381564	-0.07877382	0.2991081	0.06618617	-0.094832435	-0.13188449	0.018261505	-0.3328659	-0.20849766	0.14542496	0.22418416	0.20436531	-0.097479686	0.22831139	0.14721633	0.084263235	0.24858163	-0.14869724	-0.32838765	0.049421307	0.029857337	0.27711943	0.099156484	-0.31972456	0.22779569	0.24575268	0.082017615	0.033124447	0.015525167	-0.022768483	-0.11047734	-0.102063395	0.14307532	-0.14687313	-0.034083705	-0.10516825	-0.15270384	-0.17798676	0.14017834	-0.28792754	-0.13101897	0.19553018	-0.030818406	-0.0023111748	0.10337532	0.027046861	0.10488585	0.4135314	0.021694006	-0.30062792	-0.009679996	0.13819236	-0.10310463	0.037020516	-0.1203298	0.26846728	-0.50785697	0.22857837	-0.11492756	0.25621796	-0.3103206	0.0802286	-0.227689	0.06477456	0.013220033	0.18730499	-0.19627135	-0.10461137	-0.093401544	0.032101877	-0.025900263	0.103435345	0.088310815	0.059614316	0.0076682055	-0.0096814465	-0.077113904	0.021773787	0.08709233	-0.20852944	-0.1938008	0.02873787	-0.1731822	-0.17248173	0.13872996	0.24544	-0.39240634	0.29319042	0.14040045	-0.12508924	-0.14842431	0.26787606	0.15730397	0.15544134	-0.084330745	-0.03858437	-0.026600044	-0.23747125	0.0953572	0.13579817	0.19346517	-0.1977759	-0.03493377	0.62176585	0.14263809	-0.114080876	-0.105276875	0.10669652	0.10241688	0.39323413	
-0.017748334	-0.03003667	0.048276857	-0.08353422	0.09934727	0.027037932	-0.0019463543	0.067134134	0.035483684	0.048890557	-0.0021160003	0.031051869	0.11165765	-0.0065471753	0.07120707	-0.017810103	0.14565706	0.0055124173	-0.028741887	0.02710272	-0.08730657	0.00967814	-0.062942624	0.05379112	-0.13758494	0.36338	0.013843486	-0.13314025	0.09100812	-0.051440578	0.03331724	-0.035287935	0.059310608	0.028424142	0.008377124	-0.043494888	0.043072596	-0.020637827	0.009538641	-0.04402219	-0.02733713	0.22502661	0.1570178	0.004137609	0.042692553	-0.033376485	-0.041834727	0.03368742	-0.013768827	0.001633523	0.0646922	-0.077363394	0.044300146	0.013645539	-0.049889363	-0.038804606	-0.029060153	-0.08040515	-0.14786626	-0.05393938	-0.013030226	0.076849595	0.03470158	0.06578006	-0.03184975	-0.08615453	0.033144943	-0.09142115	-0.0989978	-0.07701506	0.034809384	-0.044418298	0.0075372765	0.027288591	0.041002497	-0.06534211	0.02224205	-0.0530603	-0.17488724	0.020042831	-0.07275015	-0.054579616	0.053900845	0.008034179	-0.06874284	0.020860659	0.017178563	-0.08232547	-0.012629766	0.055153295	0.1017434	-0.008331539	0.025978697	-0.011557445	0.17468768	0.11240054	0.06760694	-0.038272634	-0.082556866	-0.025263898	-0.08005467	0.0081572365	0.042018488	-0.041485608	0.0015629628	0.008711425	0.004423508	0.039965387	-0.0035081725	-0.009109998	-0.018811084	-0.09639338	-0.035571788	-0.107132666	0.015167103	-0.038317308	-0.0061267363	0.061065286	-0.0909972	0.015410773	-0.008758012	-0.015686896	0.009890035	0.014061456	0.034572445	0.011202954	0.099482104	0.034708485	-0.0068503665	0.0040286127	-0.026886422	-0.03906577	0.091285214	0.09094544	0.028442448	-0.07376149	0.029327946	-0.08329886	0.004679906	-0.007290558	-0.047044177	-0.12097685	-0.06814555	0.044071674	0.005874861	0.06608609	-0.050759763	0.024643729	-0.016932325	0.03200688	0.09106043	0.09752238	0.050234728	0.027208075	-0.046883322	0.03601189	0.03698296	0.00021378882	-0.007377427	-0.030517954	-0.043240234	0.06766848	0.024197895	0.06841186	0.0053805206	0.02540727	0.013488329	0.03742541	0.053582706	-0.015066419	-0.03052769	-0.026980639	0.021031568	0.06385584	0.0073666	0.052885525	0.089005925	0.18037668	-0.0338418	0.0634129	-0.08904359	0.09986228	0.031243194	-0.053527143	-0.054815955	-0.1608985	-0.14577025	-0.011887069	-0.08350087	0.0070328424	-0.0129153095	-0.0078446735	-0.076979734	0.014900451	0.01439596	-0.028066147	0.016293077	-0.039711237	-0.04445436	0.017360903	0.03829566	-0.009466637	0.09323186	0.07081601	0.0053242445	0.03870151	-0.018769173	-0.054957893	0.026144542	-0.060780466	-0.12151709	0.02335646	-0.007079212	-0.12045993	-0.028497882	0.057722453	-0.0054091658	-0.07245182	0.018685225	-0.06727439	-0.024486259	-0.065617874	0.020792468	-0.009249918	-0.04454019	0.1524818	0.13046218	0.09576667	-0.02212182	0.024182696	-0.08950591	-0.09456288	-0.09367913	-0.060591035	0.062255807	0.021409733	0.09809034	-0.012379438	0.010058386	0.11244455	0.12075798	0.09298771	-0.062397707	0.035517663	0.08735851	0.094932675	0.12380785	-0.12448344	-0.038413398	-0.006551165	-0.0081773605	-0.09926903	0.0056089433	-0.0938952	-0.05673349	-0.03753921	-0.06847472	0.14192005	0.02587964	0.08352339	-0.07561809	-0.1747627	4.0597282e-05	-0.37746266	0.06612356	0.05160962	-0.02832734	0.04589553	0.09751836	0.056557737	0.15809506	0.011300886	-0.01850802	-0.053835604	0.015812065	0.019694261	-0.022068797	0.0747889	0.01005941	0.030423082	0.078510284	0.03505422	-0.03133084	0.028916808	-0.061072513	-0.036218345	-0.030604614	0.028278979	0.08508134	0.06410532	0.020133173	0.00015812181	-0.074115455	0.18532938	-0.016897421	0.12377773	0.04164304	0.012045201	0.06581058	-0.07605017	
-0.0395544	0.09602738	-0.34503856	-0.061885554	0.018122703	0.1577667	-0.1712995	0.04503722	-0.10259929	-0.040085062	-0.09182487	-0.04670136	0.02727625	0.05207244	-0.10730335	0.106519096	-0.1642857	0.123500206	-0.09765715	0.2992624	-0.094708644	0.18488175	0.25364754	-0.16903901	0.07684103	1.0026038	0.082027316	0.2689162	0.13427219	0.034246307	0.08129818	0.099657595	-0.1619854	-0.04549697	0.018790236	-0.21195112	0.2263316	-0.06814527	-0.31157872	0.19386838	-0.20265882	-0.26896253	-0.07018346	0.31333253	-0.2076019	-0.07875441	0.15020292	0.15875183	0.014370296	0.33126974	0.20203206	0.006266696	0.3592397	-0.12318316	-0.021084161	0.076774046	-0.15400589	0.013591964	-0.3560906	0.03015568	-0.20389351	-0.04134313	0.17849158	-0.113582715	-0.00917094	0.09142164	-0.06752109	0.029109174	0.16705427	0.121268146	-0.012569857	0.08171561	0.044722598	0.014928589	0.23799925	-0.003801768	-0.011472572	-0.13885976	0.08001172	-0.2162283	0.085534975	-0.42869896	-0.0803322	-0.31840628	0.046648853	-0.19620882	-0.06412193	0.11819258	0.11981158	0.17643046	0.22658187	-0.2908924	0.09362687	0.077857055	-0.058400664	0.31507286	0.1458943	-0.047969345	-0.1433985	0.56211984	-0.38629663	-0.06618578	0.24275431	0.048470307	-0.33421564	0.017054044	0.26529795	0.27780434	-0.21848261	0.064751364	-0.17783971	-0.093401074	0.10122374	0.2317791	-0.14461312	-0.105182424	-0.040446375	-0.033576753	-0.23691924	0.043576263	0.039476033	0.111135684	0.12713973	-0.020744788	-0.055997256	-0.15819505	0.055897936	0.09852274	0.06734041	0.17421855	-0.3123222	-0.0019622268	-0.033518743	0.11207511	-0.22003052	0.24687143	0.34183094	-0.2422888	0.09898257	-0.3036677	-0.1277545	0.13532034	-0.06477954	0.06483084	-0.09787362	0.1676256	0.09648814	-0.25015742	-0.051974308	0.2642054	0.009892506	-0.08789274	0.08644883	0.008971469	-0.0010405593	-8.6864675e-05	-0.061186597	0.3089484	-0.06494829	-0.21258196	-0.028561175	-0.21225932	0.057657197	-0.06955511	0.11812741	0.57340384	0.0648958	-0.20157248	0.1384531	-0.1743996	0.0700573	0.033779524	-0.0896267	0.07451029	-0.15089953	0.051022395	-0.22004886	-0.14643472	0.19320183	-0.0520937	-0.16869843	0.14777991	-0.046459205	-0.21636303	0.1778852	-0.3348457	-0.008652063	0.023227924	0.3444107	0.0705747	-0.24166584	0.16702601	-0.08082669	0.019726457	0.0915119	-0.026891993	0.4426442	0.24190162	0.22131123	-0.015626613	0.043732677	0.2770985	-0.28355777	0.22799553	-0.15994874	-0.072779775	0.05533314	0.18533795	-0.129409	-0.06653644	-0.27166417	0.2854067	0.11494753	0.043227635	0.25442767	-0.13792025	0.16434012	-0.43377483	-0.5202097	-0.06721298	-0.36042377	-0.089597985	-0.2087877	0.13196164	0.09626157	-0.17138849	-0.11284289	0.03232203	-0.2347369	0.07197751	0.15649551	0.12436613	0.0994656	0.058921028	0.008152558	0.04704149	0.0817043	0.06284396	-0.008599214	0.037229937	0.23180278	0.053848907	0.41231674	0.19253862	0.2477439	-0.22147915	-0.08572773	0.18506563	0.1142383	-0.083603345	-0.2061283	-0.17298508	-0.27624902	-0.064303026	-0.053293116	-0.29673275	0.23485719	-0.0015243075	0.05650515	-0.3112929	-0.21182711	0.15581888	0.13708776	-0.4609865	-0.18527715	-0.18615685	-0.02510932	0.27097747	0.64409924	-0.15249187	0.047347333	-0.022155268	0.07995391	-0.024216244	-0.16983451	-0.092806995	-0.11115555	0.17625245	-0.4170547	-0.06476885	0.08168361	-0.24634193	-0.18597174	-0.113941684	0.16600296	0.4373974	-0.050307363	-0.08919743	-0.38717744	-0.12794599	-0.28727922	-0.35366023	0.06370977	0.14507605	0.05121421	0.42045325	-0.07373001	-0.15428916	0.2985455	-0.25538045	
-0.031076755	0.111992925	-0.05591134	0.048511032	0.015085209	-0.034975305	-0.07943345	-0.084647715	0.038319044	0.04002082	0.016234731	-0.044043608	0.030825272	-0.015196877	0.031016238	0.039654702	-0.0006209309	0.00073978445	-0.047971334	0.05348412	0.07338452	0.010307433	0.024065353	0.019629922	-0.0063392427	0.29785556	0.098482065	-0.0043933615	0.04753773	0.09327675	-0.033376403	-0.093571015	-0.03472636	0.06496702	-0.042334747	-0.11879001	-0.05504618	0.0014384246	-0.015159089	0.04231516	0.05677632	-0.05367223	0.06712162	-0.058739923	0.012375447	-0.07861573	-0.045176335	-0.04879493	-0.006963692	0.17516743	0.010955449	0.036337152	-0.01559892	-0.036334008	0.054642133	-0.09019787	-0.03197629	-0.08596771	-0.11718608	-0.04616744	-0.075011775	0.0115516335	-0.057753835	-0.0033166595	-0.06509967	0.11379984	-0.054232977	0.017714903	0.09398282	0.014555719	0.054203544	0.0487202	0.073761806	-0.013935294	-0.02205304	0.038773295	-0.010539077	-0.08629538	-0.3115608	-0.046732947	-0.03936977	0.09576909	0.0226873	-0.038545772	0.083716765	-0.049599543	-0.061843295	-0.10453387	0.042695776	0.044288993	-0.00477367	0.015840111	0.11548756	0.10853184	0.09315039	0.014985284	0.04292208	0.083713844	0.03716077	0.1144287	-0.022665221	0.043715328	0.034868963	-0.03187151	-0.014113417	-0.06383181	-0.06828298	-0.06491989	-0.07091461	-0.015696075	0.001209218	0.08203069	-0.04424754	-0.017536253	0.034099117	0.07025653	0.07590394	0.029122056	-0.020158906	0.0108683845	-0.028358748	0.045922097	0.042548925	0.012079966	-0.061097912	0.07552513	-0.018493345	-0.007936895	0.12907328	0.033343002	0.049057864	-0.006176767	-0.05729083	-0.06147358	0.09287276	0.01002994	0.07163165	-0.042622678	0.0179997	-0.057172805	-0.072381586	-0.15145552	-0.061332364	-0.05346161	0.08211348	0.05626077	-0.0068761297	-0.08317823	0.041519985	0.09206456	0.10657263	-0.051766552	0.05403369	-0.071480654	-0.021955542	-0.018886402	-0.018269865	0.09268886	0.009742618	0.096910454	-0.00472218	0.021773634	0.050762698	-0.013942808	0.0764337	-0.07325399	-0.15919699	-0.008803385	0.117815234	0.02547031	0.08195597	-0.04140307	-0.12936766	-0.08288813	0.07829215	-0.023682594	0.03692908	0.054044623	0.06260089	0.016954323	-0.10912356	-0.017054928	0.018935755	0.006287975	0.04290276	-0.12563589	-0.015805373	-0.0019230042	0.00015057798	0.06330663	0.14739525	0.069812566	0.081759684	-0.029306939	0.012855296	-0.1152163	-0.04139917	0.06989951	0.117334686	0.08875153	-0.06682408	-0.024860095	-0.0020135138	-0.037969533	0.108737946	0.07443913	-0.06597733	0.059544627	-0.077979185	-0.03287133	0.08196506	-0.04329439	0.015002888	-0.026846562	0.057198025	0.103710234	0.09018957	-0.13413543	-0.12608244	0.05513069	0.019817505	-0.10284082	-0.04398413	-0.030864704	-0.008488249	-0.06253956	-0.049786415	-0.057208404	-0.012907167	0.07785214	-0.05475397	-0.08503611	-0.026072908	0.07068182	0.00029251073	0.08797518	0.0027508177	0.03703849	0.0670225	-0.019462464	0.03959481	-0.101086795	-0.087727495	-0.16577047	-0.019480662	0.054467175	-0.08882843	-0.093550734	0.12422919	0.050749585	0.06541069	-0.028569903	-0.018707206	-0.029102689	0.02851593	-0.04733336	0.11602644	0.00095681404	0.03710234	0.011784075	0.04051536	0.09083617	-0.00029232877	-0.11815767	0.018273136	-0.047698814	0.07468167	0.10851211	0.054812513	-0.09151521	0.034618642	0.067749284	-0.05440727	0.03210815	0.076922335	0.017799407	0.00033416972	-0.002517392	-0.031237029	-0.09725263	-0.08715056	0.02337771	0.0032870509	0.0026435638	-0.046088185	-0.010698047	0.10872521	0.033303566	-0.045233082	-0.047075108	0.003624198	-0.0407342	-0.026694104	0.22995178	-0.052535888	-0.0026742867	-0.08964826	-0.052782245	0.10258354	0.0078831855	
-0.19913094	-0.21998155	-0.3433359	0.024260234	0.24049325	-0.061007794	-0.17622268	0.13292988	0.29842559	0.43688306	-0.31862757	0.114551656	0.13294229	-0.31754762	-0.2400021	0.043324634	-0.24583633	-0.13042377	0.21006933	-0.061848987	0.1957305	-0.24171653	0.17858945	-0.14892618	0.03472911	1.0578306	0.15804428	-0.058316216	0.040424425	0.046344694	-0.105091766	0.31539816	-0.13308348	-0.08899683	-0.024023883	-0.409783	-0.032826513	-0.3272676	-0.25555283	-0.0030076287	-0.03678164	0.118281074	0.079065405	0.07945499	-0.03773851	-0.17052928	0.07558863	-0.040096216	-0.06635838	-0.06096096	-0.27255133	-0.1044036	0.28873518	0.018984213	-0.19732308	0.051826555	-0.14098406	-0.24972796	-0.44698995	0.24310003	0.053363662	0.036034185	0.16340363	-0.024384443	-0.11639383	-0.22208825	-0.3688148	-0.19133085	0.0064501083	-0.37229767	-0.25136775	-0.19872358	0.0685113	0.1777314	0.07162005	-0.18234678	-0.17765193	-0.15051463	0.13060936	0.25994718	-0.051042907	0.19698273	-0.16443688	-0.1338923	0.06287574	-0.1168528	-0.27625594	0.10981718	-0.13338009	0.0024852806	-0.095018096	-0.08769995	0.003395133	0.37913686	0.184444	-0.07448344	0.03366481	0.2603959	-0.18797128	0.3754426	0.14618115	0.053355634	0.017774958	0.08689085	-0.061241243	-0.2169834	0.17402036	0.042766675	-0.17524374	-0.052152228	-0.14936073	-0.1737488	-0.1877198	0.18841672	0.0254957	-0.05284371	0.26811334	-0.110606015	-0.010649011	0.02474867	0.06351102	0.16941538	0.20296358	-0.15610997	0.032992885	0.0061273538	0.044986576	0.23719327	0.017826889	-0.028085243	-0.063622184	-0.10177293	0.04378274	0.093949944	0.12965548	0.14190868	0.009403587	0.23279499	-0.08181904	-0.007652836	-0.17637467	0.020662466	0.23717043	-0.10714416	0.14133845	0.23757955	-0.17385903	-0.3439064	-0.13418218	0.13804394	0.07257503	0.14332385	-0.025397297	0.27844128	-0.1802012	0.17406635	-0.05048662	-0.22379476	-0.035580687	-0.0028772268	0.009699874	0.11571527	0.20708394	-0.05695786	-0.24308324	-0.05390914	-0.1204443	0.09250672	0.15102123	0.057427205	0.14361404	-0.13175292	-0.120602675	0.013368442	-0.047842372	-0.16474377	0.010398575	-0.023182228	-0.009491697	-0.09390508	-0.15701081	-0.10732406	-0.03675796	-0.087359615	0.09829698	-0.2789063	-0.02016288	-0.31834802	-0.029446311	0.28871813	-0.12635058	0.03946406	-0.27921408	-0.05235737	-0.19583735	-0.08072593	0.3047382	0.07232315	0.23324196	-0.21430281	0.10015236	-0.17241634	0.18131968	0.11122671	-0.086603016	-0.03629423	-0.2288472	-0.09528506	0.052809875	0.08349395	-0.10188334	0.27991378	0.006243589	-0.15549497	-0.10562446	-0.005460708	-0.03815446	-0.0029633574	-0.042613164	-0.008837256	-0.3446075	-0.07771423	0.0838079	0.4901231	-0.26084068	0.12089457	-0.018413538	-0.14227521	-0.06743979	-0.01646344	0.05990907	-0.052155167	-0.05471262	0.10909474	0.050470583	-0.0323167	-0.03819608	0.15748112	0.26098087	-0.14925382	0.057470072	-0.052225843	0.1195525	-0.011631485	0.031868763	-0.07104062	0.037306547	-0.018058043	0.12024934	0.0967514	0.06619863	-0.18461373	-0.24953555	-0.35082546	0.41868475	0.1699094	-0.017312897	0.0606748	0.271244	0.08671467	0.30360398	0.10584896	-0.13291822	-0.22757018	0.35418832	-0.0055239303	0.2884221	0.31062493	-0.01000577	0.14223127	-0.055605065	0.1584795	0.30467832	-0.30001262	0.15587568	0.08886963	-0.13795038	0.398344	0.07008057	0.0005591103	-0.12395131	-0.23930992	-0.11430374	0.05450276	0.1608494	-0.1398306	-0.19921422	0.010091395	-0.003773176	-0.29093307	0.09238675	0.11623496	-0.041382898	0.1380526	0.21260075	-0.11800889	0.0012054602	0.06576757	0.015298982	0.0063283993	
