0.010815014	-0.046913367	-0.28604528	-0.10698524	-0.068764605	0.09243334	-0.36754405	0.25151584	-0.019183928	0.10983988	0.2887401	0.34116513	0.1915614	-0.12762444	-0.021605939	-0.4366904	0.05471706	0.12100332	0.037710954	0.036329065	-0.09926707	-0.16440615	-0.184138	-0.35226792	0.31347358	1.1894289	-0.11892114	-0.22261427	0.24576128	-0.3768253	0.05574105	0.011775929	-0.23105045	-0.3851394	-0.17664558	-0.5240414	0.016581744	0.07028076	-0.028923545	-0.02046212	-0.18431987	-0.37026265	0.010997527	0.047199182	0.26105493	-0.33146808	-0.32733905	0.023852656	-0.44963902	0.08352845	-0.26711494	0.21115553	0.04977456	0.36164796	0.042357456	0.11481686	-0.050981984	0.083919816	-0.53631014	-0.23362423	0.22911423	0.35579613	-0.29669887	0.044671554	-0.075599924	-0.13935657	-0.5523659	0.5779251	0.08996473	0.05534647	0.1912716	0.028488375	0.101654135	0.014125761	0.0652676	0.0723839	0.24313833	0.1749852	0.2512907	-0.037795093	-0.31243873	-0.012728534	-0.17926273	0.122787796	0.19817804	-0.04115799	-0.09633804	-0.058611557	0.09257021	0.2019629	-0.24059983	0.2079363	0.15616678	0.1678128	-0.13926518	-0.071737744	0.23641565	0.08288694	0.08548694	0.30515745	-0.5327871	-0.09256909	-0.20026998	-0.22781385	0.109343685	0.04002268	-0.13206172	0.0016620293	0.07239756	-0.25172883	0.061511055	0.06868616	0.09416721	0.001962648	0.118349165	-0.17532478	0.12673269	0.0014723265	0.06398565	-0.18733609	-0.08325674	-0.49260858	0.094816625	-0.081127755	0.25723612	0.058749154	0.12188554	0.34815633	-0.08311198	0.12925223	-0.3918854	0.108457915	0.00045710654	0.006920567	-0.21023113	0.14805016	0.062066864	-0.069102794	0.19184	0.15238115	-0.13505633	0.3346155	-0.1410342	-0.094932824	-0.09109772	0.19819579	-0.392137	0.07240209	-0.1407218	-0.046959512	0.453157	0.0455763	-0.19702378	0.17410584	-0.077578336	0.048693012	0.16886076	-0.030930711	0.034635264	-0.17762321	-0.36090562	-0.19603628	0.14367361	0.26743585	-0.20827353	-0.30992803	0.2943498	0.14864026	0.14537202	0.31381944	0.04253748	-0.14023183	0.31066382	0.03373119	-0.109338686	0.20072034	-0.07683406	-0.13700749	-0.16868971	-0.24400666	0.013546451	0.18086265	-0.33317634	0.09826339	0.297961	-0.09655601	-0.015858052	0.0021265855	-0.35515156	0.12239499	-0.2106134	0.24600905	0.2202557	-0.11084421	0.13059275	-0.051376346	-0.025557173	0.16700234	0.10472562	-0.00754391	-0.3731727	-0.18868186	0.07770145	0.19753022	0.055170264	0.30289847	-0.09166429	0.10281426	0.14319348	-0.20407924	0.07191686	0.15046448	-0.12106219	0.06919593	0.06256071	0.23141053	0.102273084	0.17569311	-0.101819016	-0.04656813	0.39310178	0.07201046	0.025063265	-0.4735282	0.08547273	0.006146949	-0.11035061	-0.61870104	0.14478031	-0.037385747	-0.058728423	-0.43395114	0.012514161	0.21769466	0.3961726	-0.18240783	0.22499314	-0.05483962	-0.045333207	0.17224391	0.37925035	-0.26205817	-0.21138278	0.30966607	0.2619685	-0.16803738	0.016649622	0.4608916	0.18768923	-0.13535729	-0.41536462	0.08609076	-0.05529872	-0.3407994	-0.21032639	0.05296349	0.020012144	0.09441737	0.20435366	-0.031029472	-0.0936878	-0.06503535	-0.16762309	-0.3089038	-0.17617334	-0.028163051	0.28152457	0.3752544	-0.14279252	-0.68887645	-0.0034048003	0.15312347	0.055793744	-0.028214756	0.06818169	-0.24959637	-0.3372122	0.4059693	-0.09625902	-0.009063579	-0.14003927	-0.005159504	0.27555194	-0.068492405	0.3534684	0.045688897	0.19865187	0.1571219	-0.10767326	-0.1325882	-0.19527933	-0.40776774	-0.11860273	0.49496138	0.32115218	0.23589128	-0.30417922	0.23250023	-0.18601353	-0.022090677	
-0.012069239	0.010379077	0.014069006	-0.003865943	0.017119734	0.007437753	0.006775065	-0.0016130103	-0.023960128	0.019326461	0.0009080951	-0.0334902	-0.017190501	0.0045288536	-0.0029605646	-0.0033986385	0.016575523	0.008378557	-0.015486862	-0.002702931	-0.01925082	0.010321227	0.0058652014	0.005069338	-0.023788122	0.057638925	-0.025744893	-0.005603138	-0.015360147	0.0023077056	0.003926495	0.012877139	-0.016253926	-0.0060511394	0.026231512	0.02699299	-0.006441733	0.015359819	-0.0152368685	0.01119157	0.003547711	-0.09231793	-0.0074313115	0.017652808	0.0018055756	0.010294552	0.0146590145	-0.013753074	-0.01681894	-0.0059350575	0.0046850666	0.021289458	0.0140539445	-0.027625093	-0.017589716	0.016278574	0.022942334	-0.005745378	-0.13402005	-0.0049416875	0.013980567	-0.020337189	-0.0012927246	0.035121843	0.0082215695	0.03460929	0.0046024364	-0.020972015	-0.06668001	-0.02346401	0.005231682	0.0012590535	-0.022784257	-0.0058996305	-0.0066599823	0.005915105	-0.021535985	0.00903626	-0.045877367	0.027473673	-0.02098982	-0.013815611	0.0005079368	-0.0017134849	-0.0037393142	-0.020876726	0.00094634696	-0.020522786	-0.012679159	0.030970206	0.0030084988	-0.0014366484	-0.013621204	0.10801107	0.0066388636	0.011363949	-0.020096	-0.00189602	-0.011072689	0.017518135	-0.006390736	-0.0003513924	0.0036616642	0.01570057	-0.020248005	-0.007693205	-0.012725742	0.0090471385	0.010022496	0.010043569	-0.03565742	0.022672758	0.0060590953	0.011011434	-0.005341597	0.0006926634	-0.013160564	0.004245255	0.0025783465	-0.011533935	0.012487207	0.010505435	-0.029330032	0.014927681	-0.018356705	-0.027202344	-0.028186897	0.00013418419	0.015341427	-0.011814521	0.019588329	-0.024334649	0.045487184	0.021008268	0.013482332	0.0023167375	-0.007191882	-0.009348019	-0.0074542067	0.017573804	-0.010913428	-0.019136136	-0.009931549	0.008644213	0.0030806263	-0.020765513	0.0039596604	-0.00013014612	0.032251246	-0.007757697	-0.022336856	0.012084524	-0.020975716	0.0031766186	0.025650779	-0.00458206	-0.013697892	-0.050467562	-0.0048399265	0.008519868	0.018369297	-0.001925103	-0.0096994005	-0.0140180485	0.0027315288	0.002217091	0.0052001565	-0.011130254	-0.011587693	0.0041652718	-0.0058337958	-0.010604595	-0.009502222	0.018194893	0.00035337018	-0.018269807	0.0065738545	0.019895315	0.022651916	-0.0029695674	-0.010847717	0.015526966	0.010433343	-0.0029666803	-0.014049075	-0.015319205	-0.0010204291	-0.020004993	-0.008196427	-0.041991383	-0.062583216	0.047063004	-0.00064447307	0.009896842	-0.01800106	0.018462908	0.017227462	0.00058630976	-0.009345787	0.016299212	-0.0005818279	0.0059127216	0.033872467	-0.012093422	-0.0015180609	-0.019305728	0.010020118	0.004147617	-0.009052155	0.015832432	-0.010008034	-0.014563964	0.012464576	0.0034989405	-0.0026400762	-0.026766747	-0.024506643	0.064413786	0.004961809	-0.0009542601	0.033671435	0.019504135	0.0019676716	0.022603488	0.028793946	-0.018484533	0.0019790765	0.134466	-0.021956027	-0.0027947351	-0.037114646	0.02391419	-0.004728934	-0.003553613	0.012968276	-0.012096179	-0.030414661	-0.0036300505	0.007018483	-0.006264757	-0.07168858	-0.0057798475	0.0033660198	-0.035217773	0.008902405	0.032643884	-0.013522019	-0.0035123425	0.019765954	-0.029702097	0.01988154	-0.015808132	0.026897186	-0.0040511205	0.021519652	-0.0051237782	0.008708704	0.017614394	-0.018843366	0.0094187325	0.002975398	-0.009301185	-0.0049921633	0.03216403	-0.011522506	0.026315724	0.0041946075	0.026236326	0.006060224	0.0065957773	0.05138093	-0.00049690966	-0.003934952	0.008067506	-0.003221873	-0.007940793	0.0029724995	-0.0034418758	0.01105392	-0.007261211	-0.08000484	0.0059498902	0.06802793	0.002598324	-0.030297728	-0.0032296618	0.010282974	0.0155346645	-0.0037849566	0.010725965	0.0060548093	0.010419175	0.0005101536	-0.011692752	0.062029485	0.020733023	0.010703087	-0.018496295	-1.9529058e-05	0.015919378	
0.054681823	-0.011095406	-0.06679853	0.014362835	-0.068069085	0.093723975	0.015873976	0.032498725	-0.097215384	0.083669245	0.050673515	-0.052465707	-0.052152395	0.11565745	0.037642505	0.1348192	-0.026736697	0.065411806	-0.014397274	0.053452868	-0.07074502	-0.04651169	0.008774012	0.049717378	-0.053106915	0.22225781	-0.09843717	0.04809461	-0.065107495	0.064232215	-0.06328989	0.09936013	-0.04062657	-0.048291776	-0.02964814	0.05626781	-0.062291678	0.06523513	0.03251827	-0.022683328	0.028307756	-0.029448748	-0.05203374	-0.05858311	0.03025257	0.028422037	0.011373508	-0.05703975	0.10275852	-0.033636577	-0.07217065	0.043368835	-0.0021390954	0.05751219	0.013114914	-0.02425273	0.040339153	-0.017084308	-0.016858459	-0.00088095915	-0.017664269	0.06374546	0.06666799	0.023896202	0.081933305	0.03340291	-0.09050443	-0.05053881	-0.050204094	0.013216463	-0.037955955	-0.026668996	-0.02650359	-0.07005692	0.12593515	-0.043144315	-0.048474114	0.046659958	-0.06067152	-0.030125916	-0.12761307	-0.0749845	0.029856076	-0.07449221	-0.088757925	0.0711071	-0.032465104	0.07840766	-0.012567088	0.10954911	0.037336513	-0.020564357	-0.03077802	0.025438821	0.014495701	-0.0043603466	0.034671523	0.1057009	-0.01798822	0.103570096	0.053103853	0.058085814	-0.021606132	0.08989508	-0.009821367	-0.053044174	-0.008270163	-0.0115132695	-0.029764064	0.02038462	-0.053277735	0.06625055	-0.019822888	0.09748474	0.024233697	-0.0051244125	0.044387463	0.0028951503	-0.040946513	0.11730399	0.009109664	-0.0766061	0.026872007	0.0064545074	-0.008644299	-0.086090714	0.09746977	-0.0592306	-0.015404779	-0.067100085	-0.054180384	-0.050674688	0.036474686	0.11183066	-0.045066122	0.07122745	0.012222535	-0.037852187	-0.080399506	-0.06339864	-0.057829764	0.11887268	0.013698905	-0.038419712	-0.06916746	0.014280946	0.076864086	0.049395904	0.048064675	0.0024001312	-0.067588344	0.054888006	0.0027900785	0.017143674	0.09991389	-0.014673445	0.033659227	0.107031204	-0.022468366	-0.10547493	0.0683448	0.040721893	-0.009572972	0.014646304	-0.077367745	-0.020211807	0.047427803	0.0795593	0.033501804	0.00930581	-0.07177276	-0.046242014	-0.096801184	-0.019361963	-0.05119681	-0.086437255	0.016911166	-0.11553162	0.058679055	-0.0047362484	-0.053255737	0.0017313088	-0.03802206	0.08733823	0.051081564	-0.07930491	-0.033371292	-0.05447814	-0.10600092	-0.015834073	0.012386906	-0.016822238	0.034619775	0.12271732	-0.048104852	0.029639766	-0.027859079	-0.17055236	0.059550155	-0.024116615	-0.046904605	-0.003998093	0.02457948	0.0563949	0.018370053	0.115519665	-0.11623257	0.20845573	-0.0149096465	0.0007321884	0.017626537	0.0052862056	-0.037237715	0.055188343	-0.10752601	0.010007587	0.047237594	-0.13243951	0.015391611	-0.0051822197	0.017143484	0.033857007	0.025124157	-0.04401387	0.008396987	-0.062159732	0.04914531	0.016741848	0.00303097	0.059222773	-0.035336222	0.003938681	0.018695861	-0.1758288	-0.09193624	-0.038620498	-0.054439213	0.03420717	-0.02845185	-0.021836206	0.09678116	-0.11332285	0.021330766	0.104732476	0.043382216	0.0049607605	-0.03339331	-0.09321267	0.038800444	0.049408063	-0.006688791	-0.05788681	0.10625312	-0.07156755	0.059222415	-0.0051825712	-0.007571141	0.050789047	-0.087088585	0.05596591	0.022161478	-0.015358255	-0.013490036	-0.28147522	-0.034921747	-0.06046042	0.073020235	0.11970828	0.052162554	-0.01646938	-0.108381115	-0.10673576	0.043299835	-0.027981266	0.011769339	-0.03905118	0.037794754	-0.03227398	-0.12144012	-0.1227301	0.024052376	0.07321317	-0.034102138	0.019363208	0.18140453	0.07948614	0.038555875	-0.055606868	0.006920323	0.015899783	0.07904116	0.04501527	-0.093446255	-0.09098365	0.05319314	0.033155613	0.044168234	-0.07245368	0.146413	-0.006876698	
-0.07217146	-0.120312415	-0.03830497	0.042367373	-0.1122446	-0.07577523	0.044068214	0.00081153604	-0.05482711	0.0066433344	0.049495194	0.028475558	-0.19926785	-0.0390699	-0.05331357	0.06859366	-0.036055956	-0.16481052	0.12575305	0.071207725	-0.29624596	-0.10899859	0.057510667	-0.0469548	0.14687803	0.84518164	-0.110065594	-0.04466915	-0.065271124	-0.013523309	-0.15334064	0.007886397	-0.12428008	0.07975495	-0.11230478	-0.15249342	-0.10674792	-0.18603218	-0.012206942	0.11932077	0.19851314	0.13805026	0.08255673	0.22563772	-0.21275905	0.16387294	-0.21866658	-0.20455904	-0.028837772	-0.010952612	-0.17029268	0.2918347	-0.1671496	-0.013002761	-0.008647977	0.17576344	-0.30988935	-0.038412478	-0.2518817	-0.28696012	-0.4559049	-0.11249596	-0.13277884	-0.05519699	-0.09646296	0.009683713	-0.11687376	0.0293443	0.15962112	-0.010606177	0.08210382	-0.012863827	0.13670714	0.17491424	0.110723116	-0.09373066	0.04015704	0.16559543	0.10928845	0.15922096	0.18025231	-0.09661533	0.07675202	-0.15695797	-0.05288567	0.047435597	0.040822487	-0.25815848	-0.26578566	0.2190992	0.06664692	-0.035614166	-0.06334221	0.15767641	0.010443476	0.11866567	0.117342316	-0.1314784	-0.18276913	0.019996382	-0.00691784	0.122604996	-0.08430318	-0.22491564	-0.098164864	-0.048750617	0.1068209	-0.10959849	0.12088263	-0.08564044	-0.08461769	-0.21666759	0.0821496	0.18320161	0.059235185	0.18819085	0.07779195	0.0542312	0.002859481	0.22117838	0.053575315	0.13495544	0.16302033	-0.13721918	0.10486229	-0.17396726	0.027308058	-0.040386222	-0.14792489	0.0925385	0.039913107	0.21751067	-0.05994205	0.21141505	0.034652375	0.17487386	-0.020790175	0.030223487	0.029551784	0.08407787	-0.1809586	-0.21047916	0.08213901	-0.039274216	0.05258191	0.31666467	-0.04594428	-0.051211733	-0.034156945	0.110504344	0.051195014	0.13235888	0.088977195	-0.17725375	-0.18052463	0.07917558	0.14562435	0.094337486	-0.17950618	-0.04785947	0.2187269	-0.053419154	-0.1421445	0.060479473	0.16643268	0.36163378	0.2430555	-0.16843587	-0.098822474	-0.11169338	0.17057297	-0.2924506	-0.045689713	0.03319945	-0.17780651	0.037175767	0.003923719	0.024327403	0.07380773	-0.07680257	-0.10662221	0.08817783	0.09639076	-0.014296595	0.042125363	-0.0293812	-0.08489989	0.016020594	-0.008121968	0.15428013	0.1338186	-0.28218168	0.026791066	0.097298816	-0.19629683	0.01575922	-0.003788149	0.0076981294	-0.11024162	-0.03647954	0.06815554	0.08591344	-0.29964203	0.15884504	0.0115462765	-0.10972529	0.13975011	0.0034614776	0.069363885	-0.18752511	-0.11471291	0.09176503	0.095958166	0.022570092	-0.059886385	0.02254068	-0.13882601	-0.14166462	0.10087188	-0.22208981	0.2257419	0.027956655	0.013431351	0.16345234	-0.086642966	-0.030470641	-0.035569925	0.14314757	-0.13658462	0.08613938	0.049992852	0.021239875	-0.05354076	0.12361527	-0.09994763	-0.0478891	-0.10253215	-0.03677377	0.039943267	0.027682839	0.2699972	-0.039563093	-0.29167208	0.27954635	-0.032009773	0.19907434	-0.08025874	0.02911834	0.041165713	0.07992014	0.02360831	0.095875524	0.085502274	-0.08331401	0.034789324	-0.18741164	-0.054335255	0.25901636	-0.14153777	0.03247074	-0.13510403	-0.073902346	0.057135742	-0.06803745	0.098903544	-0.21911119	-0.07334268	0.36690333	0.23732463	-0.15877038	-0.26505506	-0.025118817	-0.19419223	0.017088603	-0.04744152	0.30944717	-0.252817	0.08445957	-0.25680435	0.02783522	0.015325262	-0.04299844	-0.15164547	0.10741045	-0.05132282	0.13883373	0.16625495	-0.25879878	-0.37254363	0.01073443	0.14246733	0.05633676	0.014612387	0.051762033	0.193912	0.004678614	0.015417584	-0.0044414774	0.11906794	0.06985358	
0.004656144	0.011418988	-0.059150133	0.039407384	-0.017905423	0.0089752395	0.013719405	0.032197412	0.001435812	0.014821	-0.03034193	-0.0077695716	-0.0028050232	0.011786508	0.014491838	-0.010904382	0.036996182	0.008594256	-0.024018643	-0.01655183	-0.004198671	0.010649477	-0.023857882	-0.007549159	-0.0116490545	0.16926692	0.00662725	-0.0029656698	-0.0039813467	0.018869389	-0.021647463	0.062062252	-0.027295412	-0.036703825	-0.044114545	0.002654231	-0.0037762802	0.0052830516	0.010146447	0.00056012656	0.004767221	0.07275193	0.013489827	-0.005016891	-0.023640752	0.015310311	-0.0013288362	0.00026210258	-0.030811606	-0.018987102	-0.024336955	0.028146515	0.014910304	-0.0036905406	0.0046398155	0.011827671	-0.0192902	0.001015263	0.07265359	0.027753497	0.050625402	0.005137133	0.01589936	-0.012220971	0.01470179	0.020813098	-0.021214284	0.04355493	-0.021519	0.06475458	0.015530898	-0.03195527	0.032756392	-0.009957421	0.007944025	0.018350655	0.01993069	0.0029790488	0.07581592	0.022989118	0.0019976692	-4.2234857e-05	-0.0103235375	-0.0042547868	-0.031135397	-0.0034410693	-0.0030200488	0.027749902	-0.02458871	-0.016200367	-0.025273463	-0.026594168	0.034603905	0.12175465	0.01846961	0.015270355	-0.032602143	-0.031006431	-0.012191743	-0.025997853	-0.0119172335	0.023484305	0.006823279	-0.029618746	0.00803237	0.0033285806	-0.017920507	-0.00988074	-0.06310233	0.03065754	0.1104364	-0.036377016	0.012458972	0.018215196	0.012652862	-0.0007578136	-0.030035263	0.028315432	-0.0038421964	-0.026354084	0.016137965	-0.029507736	0.035075538	0.009477789	-0.022176355	-0.057487905	-0.0028351413	0.0016563243	0.0016534077	0.020043747	0.010233664	-0.025337487	0.06240384	-0.036491197	-0.023715712	0.012988191	-0.01431905	-0.009593481	-0.016844822	-0.0065360568	-0.043184508	-0.011530728	0.027096095	0.0048199953	-0.031153157	-0.001339163	-0.016435347	0.05454008	-0.027879024	-0.011283022	-0.024695702	0.01091919	0.022008812	0.021731667	0.010332027	-0.0327057	-0.012311465	-0.085561454	-0.020714404	0.027213864	0.002121143	0.013909854	0.042079423	0.00044772556	0.0076297023	-0.02098178	-0.033453044	-0.0009773668	0.030573307	0.0007407442	0.012981993	-0.06737442	-0.0216227	-0.013887051	0.02666781	-0.016046735	0.026437072	-0.0056097806	-0.015734369	-0.030920567	0.026506081	-0.010511956	-0.06130742	0.05311449	0.004970575	0.0020728994	0.04215011	-0.025181277	0.010635085	-0.026455471	0.052537397	-0.014620167	-0.005733756	-0.014251507	0.001882519	0.007090394	-0.018217757	-0.04095835	0.031003984	0.014491707	-0.032437127	-0.010800379	0.04094912	-0.017431298	0.019467847	-0.013276852	-0.012821037	-0.024141403	0.008579894	-0.026514344	-0.04951085	-0.005090376	0.04189695	0.03425144	-0.01624866	-0.008397759	-0.009724378	0.03163592	0.02897113	0.034831334	-0.03885587	0.011427895	0.019356994	-0.0022088971	-0.013114688	0.028017929	0.014167935	-0.006696796	-0.0061419248	0.0032284504	0.0019321372	0.041479956	-0.00784154	-0.008821232	-0.009228115	-0.022946963	0.013524753	0.026086649	-0.0073451437	-0.0048064175	0.028029578	0.0029049844	-0.008617359	0.02555333	0.015117076	-0.003942331	0.040331874	-0.0418895	0.017918624	-0.02011001	-0.023613095	-0.010719138	0.027645646	0.019584382	-0.012997821	-0.033226315	-0.027995711	-0.0011632721	-0.022303514	-0.044833973	0.006455436	-0.014655352	-0.042365942	-0.040403042	0.01851773	-0.001636357	0.0059664915	0.011639624	0.035629835	-0.01262937	0.024394283	0.00738872	0.035865888	-0.016663045	-0.0077970545	0.007663877	0.033551265	-0.008173396	0.011219323	-0.023413032	0.030595034	-0.008406285	0.026194682	-0.017218022	-0.021820644	-0.0316738	0.05367334	0.018846532	0.017931653	-0.016362855	0.04559345	-0.010352635	-0.0027259104	-0.066628255	0.024867184	0.0005501732	-0.026067996	0.016888054	-0.005498603	-0.0011440723	
-0.078466386	-0.014074444	-0.04969023	-0.059875276	-0.078177884	0.02129048	-0.09097906	-0.074703306	0.0898993	0.07872355	-0.05243018	0.0060600447	-0.05744472	-0.08152891	-0.03579378	0.11721837	0.027955567	0.090801924	0.024582006	-0.09533823	-0.0068391473	-0.031346384	0.059066582	0.07298487	0.05645415	0.18152462	0.1690206	0.045544017	0.0036556323	0.020803887	0.058632936	0.02349499	-0.061446484	-0.028056586	0.0074216784	0.032716557	0.006236808	0.02596092	-0.04670308	-0.04904061	0.040941384	-0.033006888	0.0832614	-0.09532184	-0.11246565	0.004713598	-0.08742265	-0.010994074	-0.013991912	0.029649422	0.05400913	0.059722483	0.13094804	-0.043649163	0.12715156	0.030095957	0.01622452	0.031704966	-0.11523148	-0.038866803	0.0530932	0.071297854	-0.17185241	-0.009021265	0.0762435	-0.017474234	0.025747174	0.11219574	-0.0030759696	0.00011611854	0.08506472	-0.104008295	-0.08225125	-0.06264476	0.13282424	0.004274162	0.035793345	-0.027251944	0.0231081	-0.069793336	-0.07209691	-0.09374905	0.037121143	-0.1051361	-0.103756644	0.055273037	-0.10049796	-0.03910395	0.017835513	0.0043225647	0.024138918	0.021537391	0.069372855	0.052930925	0.018436456	0.060309693	0.018841306	0.015485902	0.06396472	-0.020363443	0.051750135	-0.011868776	-0.026699832	-0.0063567744	-0.018733675	-0.12329763	-0.065842696	-0.017397076	0.08686707	-0.017508367	-0.22410657	-0.033645343	0.028576681	0.0036130336	-0.048432242	-0.010992332	0.031220475	0.0054704524	-0.098118	0.053377334	0.020998633	-0.10249876	-0.0016381392	-0.14164935	0.06757175	-0.09131929	-0.120213605	0.0024894823	0.04722743	0.07441032	0.021410624	0.0006471276	0.019571379	-0.02819431	-0.011341629	-0.008244279	0.021402396	0.03661174	-0.040912703	-0.025534378	0.0075354106	-0.04005684	-0.04297578	-0.0806418	-0.16666198	-0.13510078	-0.028993985	0.04008934	-0.009492402	-0.04716075	0.030749684	0.04985774	-0.009625995	0.032617744	0.010831227	-0.053041358	0.015461984	0.042176127	0.038377795	-0.020615688	-0.083739944	-0.07881733	-0.027851796	-0.08228272	-0.05422317	0.048158128	-0.10912097	-0.05297938	-0.029937029	-0.019585729	-0.10073171	-0.043509383	0.0118962005	0.02834788	0.029760545	0.05145326	0.18421064	0.03881511	0.02806329	-0.00064333965	-0.0045058504	0.052389603	0.029442856	-0.037118096	-0.039988127	-0.083677255	0.14074793	-0.031050695	-0.007897995	-0.09795407	0.020242428	0.007925148	0.06527718	-0.063091375	-0.023938576	0.057765234	-0.047472104	-0.07812779	-0.10916852	-0.012598559	-0.062471777	-0.069437005	0.041015267	-0.10442716	0.010019729	-0.09122878	-0.1359811	-0.022221208	0.11508537	-0.007982067	0.011854281	0.08195653	0.09868974	-0.01015024	-0.033517938	-0.03572504	-0.013020462	0.055507686	-0.004950064	-0.045465607	0.007260699	-0.04853593	-0.09034435	0.01621225	-0.020982215	-0.042370122	-0.045759317	-0.058035716	0.11834631	0.01909944	-0.083106525	-0.075843014	-0.038492616	-0.0298253	0.020584049	-0.045019	0.0216354	-0.07661048	-0.0091894055	0.012340241	0.051657278	0.064522184	-0.0049155406	-0.12280467	-0.06370557	-0.039048664	0.016493596	0.039115455	-0.0054314486	-0.08774721	0.0032201868	-0.04978658	0.036508616	-0.022921368	-0.007336796	0.0005185536	-0.13306959	-0.05290092	-0.100577705	-0.051965777	-0.024260053	-0.027756175	0.010283373	-0.09529257	-0.094129115	0.005959784	-0.02245457	0.08913538	-0.07032987	0.07424808	0.009639949	-0.10655419	0.00274331	0.058986545	-0.033932727	0.07873507	-0.00580152	0.0054638186	-0.018841079	-0.055175707	0.077008314	-0.035550825	0.0211382	-0.0027858254	0.094472796	0.028428487	-0.0799248	0.023798728	0.13085814	0.011915177	-0.05791618	0.14896047	0.03844546	-0.02111047	-0.023325706	-0.10630869	0.01746532	-0.10184606	-0.089933775	-0.052931234	
-0.047971606	-0.07397298	-0.025948204	-0.025395215	0.0362662	-0.02742642	-0.124352604	0.15947388	-0.03121072	-0.096773446	0.08358863	-0.04963644	0.0007963963	-0.029335324	-0.013383551	0.059049655	0.010623768	0.007848191	0.025142923	0.105125345	0.06363383	-0.09185919	0.12055266	0.13305646	-0.15656377	0.3920422	0.06936612	0.077017196	-0.14203733	-0.02836388	0.011909239	0.08566813	-0.020850055	0.01889633	-0.08574983	0.0362981	-0.09079843	-0.12276317	-0.02472584	0.114456	-0.20548108	0.06632519	-0.023620367	0.0744382	0.18798082	0.08350776	0.045008056	0.012444843	-0.022068925	0.11985938	-0.022983428	-0.014413852	-0.022433382	0.03179883	0.03228525	-0.0066391807	0.13170296	0.030133517	-0.10912343	-0.10979768	-0.12901855	0.031489655	-0.030030232	0.06238851	0.041337375	0.08020793	-0.021098722	0.053555436	-0.01623569	0.008508465	0.08415176	0.08567049	-0.048899837	0.023554536	-0.021476228	-0.012080314	-0.08408615	0.06991357	-0.18559323	-0.005460374	-0.047937687	-0.048992276	-0.03586952	0.030431395	0.1382746	0.15573084	0.046951525	-0.1707251	0.15731774	0.09344004	-0.03916504	-0.035489123	0.05834116	0.098302096	-0.015280905	0.016460147	0.0012584887	0.12818092	-0.04917023	0.08143073	-0.07419698	-0.13544026	0.02288226	0.1378649	0.051896203	-0.0224622	-0.16873366	0.061324786	0.039510444	0.043327622	-0.12748297	0.06861397	0.038723845	0.03855767	-0.07154651	-0.013415284	-0.08404187	0.10672438	-0.015064323	-0.077800654	0.17900921	-0.0023473892	0.014832495	-0.021446465	-0.1651811	-0.14831543	-0.16018008	-0.07018821	0.1979034	-0.030632883	0.10741615	-0.19635259	-0.01883629	-0.080908045	0.20017698	-0.077694945	-0.010714728	-0.0043959618	0.0023489725	-0.055732522	-0.032724574	0.047927156	-0.07067497	0.036984432	-0.016194984	-0.05430884	0.17110816	0.011736855	0.08838832	-0.20215489	0.06995054	-0.029950535	0.06569247	-0.096295536	0.007301392	0.07485067	-0.02475264	0.114043474	-0.015300415	0.06494045	-0.19582741	-0.037159145	-0.08328821	-0.09116297	-0.073359355	-0.12933819	0.028800853	-0.040383063	-0.04969964	-0.062745474	0.024498943	-0.12891085	0.016621023	0.0781423	-0.02481375	-0.13015597	0.013892836	0.16874182	-0.09858673	0.06849101	0.023808632	0.09079574	-0.0024710223	0.12541679	-0.046845242	0.14196149	0.08304457	-0.022985902	-0.21912321	-0.04094814	-0.035612755	-0.078978114	-0.0060062245	-0.070969835	0.09083472	-0.06748006	0.064081825	0.040815193	0.061060004	-0.042433314	0.034177728	0.15053608	-0.14559251	-0.18595096	-0.061622858	-0.06475197	0.1457362	-0.021502431	0.053699434	-0.048740715	-0.059310436	0.00088603795	0.0833905	0.11696778	-0.009777164	0.08161569	0.009847298	0.013277737	-0.029048286	0.06735028	-0.05863837	0.14766249	0.02821491	0.037007272	0.12782471	0.015712801	-0.047667287	0.16091593	0.07397719	0.07332553	-0.021577355	-0.00211441	0.0011817943	0.024532057	-0.041034047	0.02076108	0.13137579	0.1135065	-0.12610355	0.086986974	0.15483768	0.120868325	-0.054789033	-0.033189945	0.02535987	0.20337825	0.111601174	0.16165482	0.16948667	0.10881858	-0.00035634637	-0.007945016	-0.041238483	-0.0142617	0.08921899	-0.13543181	-0.07122254	0.15397911	0.06925879	0.16128159	0.03191147	-0.007062125	-0.0150633305	0.059386253	-0.010588644	0.059511717	0.079361126	0.16645885	-0.021331716	-0.049000975	-0.07702459	-0.017022314	-0.026610572	0.027397638	-0.04160607	0.034496337	0.08985934	0.028414961	-0.052730586	-0.07736698	-0.11993366	0.023879327	0.06751627	0.13908261	0.0012445245	-0.006013468	0.04461298	0.099216506	0.00668288	-0.12490751	-0.058531955	0.008469574	0.10740532	-0.0652313	-0.0046433946	-0.14911821	-0.008233927	0.087672874	-0.026742054	0.090531185	
-0.04358755	0.055334773	-0.17891012	0.11088218	0.115372114	-0.1473667	0.10199731	-0.16461933	0.17559095	0.021315051	-0.21332735	-0.19796309	0.049489167	0.020561688	0.163314	-0.037330955	-0.17617644	-0.06203004	-0.27938452	0.03661855	0.17218053	-0.03785324	-0.19923292	-0.026176475	-0.013904829	0.41204917	-0.02492173	-0.13871503	-0.18922506	0.13530615	-0.012563202	-0.028205853	-0.09347068	-0.13525613	0.039224025	-0.05569371	-0.19772819	0.05626308	-0.19059493	0.0041637947	-0.0398408	-0.18157876	-0.12862499	0.014973918	-0.0826223	0.148859	-0.0202268	0.021755202	-0.06472525	0.01826752	0.09495926	-0.04667562	-0.25970358	0.188977	-0.04359817	0.09022738	-0.26804507	-0.05498414	-0.13642953	-0.28187722	-0.016839288	-0.013220292	0.12478541	-0.031532988	0.29677346	-0.04060145	-0.13140348	-0.02428226	-0.010306029	0.005800044	0.058096446	0.00071563944	-0.021937154	-0.10916376	-0.025414221	0.014482448	-0.105498984	0.12868723	0.12781271	-0.070346415	-0.080584876	-0.035952777	-0.024081394	0.23404965	-0.034258462	0.1209126	0.09793148	0.058342494	0.27854678	0.08393909	-0.26700556	0.055671588	0.12828787	0.1488591	0.17511867	-0.019367242	-0.16708072	0.07497581	0.120539054	0.10124265	-0.13469943	-0.051401258	0.1880112	-0.067312464	0.31969294	0.1531834	0.061743967	0.0023889213	-0.15823787	0.0010440908	-0.12534168	0.06493573	0.0959032	-0.09054805	0.16207579	0.14978355	-0.009479365	0.13960968	-0.12285075	0.11080201	-0.051915966	-0.017269118	0.047916476	-0.13296333	0.014230423	-0.13097507	-0.015264491	0.010011388	-0.3207569	-0.16262075	0.03427638	0.17389448	0.15559193	0.083569154	-0.04443679	-0.0168528	0.17934482	-0.0853076	0.047893032	0.16938792	-0.11389768	-0.16789874	0.07097502	0.15879059	0.061811868	-0.0026676357	-0.0992527	0.05771134	-0.11276157	-0.022275425	0.16519782	0.15273139	-0.09881257	-0.10890464	0.013412035	0.047021337	-0.074442126	-0.057047814	-0.00058527663	-0.024072586	0.042428993	-0.032628015	-0.10940859	0.10355823	0.15989037	-0.22616856	-0.33661836	0.07758927	-0.005953867	-0.10227437	0.15568936	-0.03902741	-0.05370277	0.13609025	0.09728631	-0.07516094	-0.17184883	-0.07333659	-0.0064280536	0.023439491	0.101305366	0.054822	0.03455118	0.13869976	-0.0251995	0.0581166	0.050167333	0.066314444	-0.13586175	0.054005988	0.19409841	-0.044044282	0.07633449	-0.19393209	-0.21832104	0.037091773	-0.08184723	-0.061996784	-0.023623321	0.12683706	-0.19603862	0.2313771	0.07065583	0.10234958	-0.013979947	0.12851553	0.10142914	-0.043829698	0.013649644	-0.05000837	-0.13085811	-0.017740875	0.18703733	-0.027320858	0.0326117	0.34416538	0.26162437	0.05490435	0.016002081	-0.12443889	0.16764955	-0.008185044	-0.04024549	-0.015432578	0.038708158	0.022467267	-0.14645448	0.10586352	-0.04161601	0.23174414	-0.13100089	-0.091995955	0.27419275	0.052378193	0.12507513	-0.015378586	-0.1269274	-0.20092389	-0.04681476	-0.047443822	0.14099377	-0.011999	-0.107500285	-0.038765416	-0.029780682	-0.15152319	0.10960762	-0.0013779271	0.043485492	-0.075531214	-0.05345857	-0.13903202	0.14703965	0.09349969	0.101354636	0.14502057	-0.15087734	-0.17954047	-0.19889987	-0.16980034	0.010904644	0.075601	-0.19017106	0.027590843	-0.11928681	-0.048697386	0.020175233	0.18708989	-0.09044643	-0.016459871	-0.13284959	-0.013799252	0.1350638	-0.15600899	-0.16443172	0.28952956	-0.0538204	0.22552574	-0.2271527	0.037091993	-0.07209486	-0.22191392	0.26880193	0.018748235	0.1854888	-0.07780886	-0.115902804	0.27901548	-0.026681291	0.10123612	-0.14366472	-0.025228022	-0.1795918	-0.048361942	0.29117423	-0.12501362	-0.089343555	-0.07663153	0.02690142	-0.035678998	
-0.087589815	0.05576859	0.11491682	0.12998958	0.10322776	-0.1474364	0.12910265	-0.029380128	0.035581794	0.010891929	-0.12547828	-0.031706933	0.02295935	0.077274255	0.14646454	-0.008388327	-0.2289118	0.24209806	-0.028092556	-0.22472309	0.05044341	0.12648492	-0.10679767	0.11884862	0.06076371	0.904469	-0.1526977	0.056478444	0.012436145	-0.28527063	-0.09399017	0.17524914	-0.0038700486	-0.050085016	-0.09233813	0.14552905	0.045193877	-0.019498797	-0.024588624	0.18520872	0.09029281	-0.10080319	0.23330517	0.072245434	0.027655143	-0.07232015	-0.0038277642	-0.055271182	-0.0801349	-0.16732913	0.11944198	-0.044310912	0.2084729	-0.04549985	-0.11268922	0.11027507	-0.13341948	0.005807317	-0.35631347	0.0100269085	0.06904057	-0.15262672	-0.104123205	-0.02398142	-0.30901024	-0.24197116	-0.19524069	0.037638377	0.06778551	0.03845082	-0.030019576	0.28288704	0.07621616	0.05727466	0.002626727	-0.17291489	-0.09654931	-0.07000888	-0.10540666	0.016703459	-0.12748826	-0.12548864	0.16863218	-0.083900735	0.12813024	0.027677996	0.10042327	0.058464948	0.12729734	0.024046285	-0.116116785	0.0882163	0.14568412	0.3050775	-0.11388453	0.062345084	0.11435492	0.12987892	-0.18044625	-0.0971416	-0.027493544	0.117282875	-0.017625248	-0.17972761	-0.06993106	0.011369853	0.11635211	0.15652205	0.029730508	-0.08522144	0.12822331	0.035359073	-0.13423981	0.10481508	-0.072163805	0.19543587	0.13337587	-0.11283627	-0.09275328	-0.20014273	0.29473925	0.11201994	-0.08840719	-0.05537778	-0.029687826	-0.015156585	0.06271058	-0.0646923	-0.018848104	0.08053308	0.12670496	0.13190718	-0.14101996	-0.14198671	0.16962597	0.19087666	0.16814184	0.107984945	0.18363367	0.072010875	-0.39083186	-0.13626648	-0.11850241	-0.047969874	-0.08181631	0.07083139	0.20463334	-0.12881003	-0.22007802	0.24883515	-0.030627092	-0.0088328915	-0.009734106	0.006426844	-0.102765664	-0.020769075	0.041074727	0.06812936	-0.17454101	-0.023418736	0.033404317	-0.06546072	-0.06809669	-0.11222777	-0.037921336	-0.14441279	0.21763843	-0.031083506	0.21458517	0.014005432	-0.3108941	0.07044034	0.040389135	-0.081203885	0.047214184	0.024642954	0.095335014	-0.026190884	0.12716325	-0.09065955	0.05290597	0.12979665	-0.095635965	0.06969165	0.0637914	0.07208185	-0.059848085	-0.04566498	0.11276044	-0.12926161	-0.15664831	-0.14389591	-0.054487556	0.086985946	-0.05833748	0.10239967	0.03624421	-0.1059882	0.24573354	-0.074572235	0.06350328	0.009846356	-0.27378997	-0.1799043	-0.11753963	-0.19807988	-0.02759483	0.02584834	0.0052596484	0.10463303	0.19334236	0.10495121	0.21831346	0.10153796	-0.05582527	0.11838952	0.051147103	-0.075259626	-0.08414608	0.0027437895	0.13026008	-0.10330528	-0.1576212	0.058176916	-0.0034218095	0.15761329	0.012507158	0.121626064	-0.025556087	-0.10314173	-0.0149186365	-0.035403796	0.06429321	0.019621033	0.06821387	0.04038008	0.08952674	0.05957325	-0.011005654	-0.2734786	0.33489177	0.025942886	-0.13643807	0.13123772	0.15513325	0.35030746	0.14112245	-0.110617526	0.12821648	-0.0028493493	0.17093204	0.18756083	-0.02954767	0.087856926	0.03464863	-0.06492169	0.15801087	0.050917897	-0.26039752	-0.03375291	0.029288633	0.1125566	0.2255208	0.016076384	-0.052142017	-0.048801232	-0.030479835	0.29801255	0.15729068	0.009584264	0.01512802	-0.08257696	0.102302946	0.18676977	-0.06521599	0.31802854	0.030202068	0.22128263	-0.0324037	0.16019866	-0.00014266725	0.07533458	0.041516542	0.062094532	-0.03809842	0.0035540706	0.022630183	-0.13758737	0.049092922	-0.3753496	0.037413403	-0.17866409	-0.1615484	0.14936708	0.012515207	0.036131628	-0.044105597	-0.083557025	0.0653432	-0.10439811	
-0.123648845	0.17912097	-0.1665906	-0.10672964	-0.16047917	-0.25012758	0.124025546	-0.21564333	0.041383393	-0.12037502	0.19643293	0.22268511	0.07839772	-0.49544302	-0.11401035	0.30319726	0.051114794	0.30675822	-0.34319964	-0.0076710344	0.20841235	0.089420594	-0.16109137	-0.32029054	0.052815028	0.82741135	0.028443946	0.14306729	0.22979586	0.051946603	0.18197018	0.11256817	0.005251685	0.016083943	0.030661773	-0.052235883	-0.002687575	0.031600274	0.051752247	0.15246357	0.3416621	-0.015202057	0.2572009	-0.41081923	-0.17532074	-0.07469684	-0.2884672	-0.03821671	0.21270967	-0.07943172	-0.030989436	0.09062615	0.18200158	-0.027488459	0.28366396	0.049481478	-0.3078087	-0.20744188	-0.29971686	0.020288434	-0.024178453	0.19268613	0.17377566	-0.12302938	0.069998376	-0.1840015	-0.17801622	0.046941396	0.46806288	-0.026985645	0.10167642	0.16974176	-0.07641517	-0.15072821	0.027754491	-0.07116861	0.038610138	-0.10390278	-0.14567427	-0.09543716	-0.08925565	-0.3289721	-0.18142392	-0.16213591	0.18869376	0.06696642	-0.13477208	0.22517553	-0.035290975	-0.033631142	0.15164295	0.018569976	-0.07645867	0.34505063	-0.061713386	-0.049583387	-0.09069846	0.1631502	0.09449839	-0.13241935	0.18676901	-0.22026353	-0.27106324	0.078640126	0.24613324	-0.34052965	-0.08178887	0.15933537	-0.17422557	0.16960193	-0.15988868	0.050000418	0.05744214	0.004740697	0.11641342	-0.13792951	-0.0004956165	-0.21001802	0.17724364	-0.10379869	0.09461643	-0.18335132	0.24068226	0.1099489	-0.18406239	0.030655479	0.1693082	-0.132075	0.0013814546	0.018396338	0.04286198	-0.16780542	-0.0055733486	-0.03975347	0.03305341	-0.16422698	-0.08772465	0.05759133	-0.3520139	-0.23428303	-0.13268417	0.19006065	-0.15725972	0.27586824	-0.5017093	0.26822665	0.028833017	0.13240902	-0.04078862	-0.15358125	0.05182084	-0.3432299	0.3308817	-0.0062337127	-0.097955905	0.04237557	0.05110269	0.33739313	-0.089510046	0.057764523	-0.14363433	-0.09542799	0.03261806	-0.092325896	-0.17925955	0.039390486	-0.329319	-0.12983316	0.021894792	-0.0013356962	0.10211159	-0.13114542	0.05911762	0.2225654	0.026145054	0.3240626	0.12666398	0.032515086	0.11587483	-0.1462576	-0.034193795	0.01076597	-0.08174023	0.09051128	0.11623192	-0.14787227	0.315981	0.16364634	0.068461075	0.0029180662	-0.28121108	0.08367578	-0.23358908	-0.050203346	0.11985111	-0.1035224	0.13081999	0.11627207	0.15014383	0.010462823	-0.083707005	0.066971876	0.049984146	0.011986161	0.018853538	-0.031834148	-0.044526115	-0.4266381	0.07987671	-0.032356378	0.024819655	0.42976126	0.16311668	-0.2824566	-0.20067729	-0.121072695	-0.25761455	0.092168175	-0.13600253	-0.25353122	0.17709053	0.2071179	0.09292065	0.19820626	-0.15794608	-0.05864575	0.04634726	-0.12948044	-0.123482145	0.042014487	-0.14989176	-0.14395902	0.17213185	0.3143685	-0.026903903	0.14999291	-0.10189331	-0.032231454	0.14917053	-0.33748055	0.07748498	0.021716593	0.049534656	-0.006516895	-0.16765176	-0.060727865	0.19137497	0.44930595	0.2728325	0.24019362	-0.2623382	0.10621635	-0.07516752	-0.044645958	-0.031548228	0.13646963	-0.13797612	-0.1571188	0.008023902	0.43437532	-0.08473755	0.022597628	-0.08583658	-0.041027177	0.2101204	0.02948248	-0.14615351	0.21636519	-0.0044145426	-0.13061915	-0.16611	0.048052564	-0.22078308	-0.21430711	-0.22578257	0.003080417	-0.12750551	-0.02463075	-0.1530661	-0.06193919	0.057667673	-0.04286346	-0.060493443	-0.16816309	0.14431132	-0.035215084	-0.23670834	-0.12426523	0.051462762	-0.043001086	-0.056789234	0.049300402	0.12845764	-0.2499725	-0.14625156	-0.07881525	-0.17139812	-0.06267659	0.30803654	-0.111219496	
-0.17659605	-0.097466215	-0.24175769	0.30178002	-0.36754528	0.048739422	-0.11845969	0.18506695	0.21298872	0.16440938	0.11113711	-0.13012959	-0.12561883	-0.061615933	0.0501481	-0.03412519	0.13538255	0.022651983	-0.07408024	0.14996211	0.09912911	-0.0038771657	-0.15954238	-0.21395217	-0.13102905	0.897455	0.1876081	0.24457432	-0.20907335	-0.10546622	-0.13136743	0.17733121	0.009958009	-0.11534211	0.027766125	0.0012942298	0.1756582	-0.049282465	-0.11779434	0.1269794	0.2868076	0.12124675	0.16355932	0.15944254	-0.045423254	-0.008347805	0.014482768	0.06513087	-0.15800509	-0.27023208	-0.3822918	-0.15557502	0.06045335	0.020025412	-0.013152066	-0.01210384	-0.32951352	0.0094715385	-0.33000764	-0.17235506	0.122577414	-0.16986167	0.11393182	-0.16178176	0.03291464	0.051513545	-0.21367817	0.080544814	-0.011999951	0.115919694	0.11015967	-0.12985566	0.07649349	-0.0076043336	-0.146151	0.24933827	0.16692531	-0.09043268	0.18418603	-0.05279733	0.0879476	0.2041254	-0.016362397	-0.2438808	-0.30820677	-0.071853824	0.035751063	0.20421858	-0.26801622	0.11152702	0.025150934	-0.067225076	0.33121476	0.42915115	-0.0032929997	-0.27118295	0.0857365	-0.39492807	0.0052331225	0.009276268	-0.05422761	0.31953105	0.32002077	-0.32729876	0.2214215	-0.05782182	-0.08337198	-0.1595512	-0.2669142	0.19119957	0.19078866	-0.115729354	0.26887026	0.0012588558	0.25053936	0.09064283	-0.11534823	0.058663297	-0.21968874	-0.14314853	0.044907313	-0.16573909	0.10803877	-0.23619235	-0.098710276	0.04731413	-0.02734643	0.25115272	0.11460678	0.028271185	-0.18621284	-0.15168564	0.1030102	0.04858287	0.061214823	0.16160236	-0.022099223	0.016466303	0.097586475	-0.3634782	-0.22619426	-0.22806127	-0.12514685	0.04037693	-0.101371534	0.0015001891	0.009592567	0.29642808	-0.11735813	0.10441942	-0.05748219	0.12760168	0.073757105	0.13755684	-0.023515426	-0.13704367	0.07992833	-0.004165713	-0.24151383	0.14933583	-0.07051393	0.16822493	0.23787983	-0.12112322	-0.020142948	-0.14878821	0.25852132	-0.14779893	0.17478462	0.19878188	-0.11055531	-0.2223273	-0.02740289	0.0063348617	0.2403148	0.059129573	0.08961973	-0.23840304	0.051742267	-0.045501355	0.21275832	0.10965259	-0.07078677	-0.25897154	0.1463233	-0.21195313	0.18489277	-0.287263	0.11484649	-0.113370486	0.1782731	-0.16324195	0.15351833	0.038781784	-0.11104299	-0.038674906	-0.123213746	-0.085704856	0.14268528	-0.1221413	-0.29705077	-0.22948521	-0.0076784296	-0.012071732	-0.22136138	-0.3352716	-0.19278859	-0.17131731	-0.102449395	0.08322329	-0.029240157	0.17423603	0.049692694	0.10146568	-0.028514609	0.1906521	-0.039011516	-0.047702715	0.026163261	0.011743047	0.22854467	0.2564012	-0.04338169	0.0024382065	0.17271537	0.03408005	0.23656265	-0.025639655	-0.2179699	0.015968567	0.023434393	0.07793207	-0.15985845	0.36186484	-0.24224411	-0.22252163	-0.054657068	-0.04899453	-0.08110562	-0.018227944	0.19953367	-0.05083496	0.0044870693	0.119046696	0.23217572	0.0070649385	0.019641956	-0.053867083	0.38850564	0.13168305	-0.2714588	0.21553183	0.062460907	-0.021578038	0.042168833	-0.036474824	-0.021868968	0.04640431	0.11181824	-0.30183065	-0.06670324	0.24384604	-0.11385718	-0.28303516	0.27483833	-0.22173624	0.042423517	0.24103615	0.29657772	-0.11439259	-0.20294888	-0.018108213	-0.1302645	0.15732117	0.023674544	0.17583324	0.10962449	0.1311869	0.2026186	0.23930746	0.08809775	0.3093868	0.07101889	0.034339167	-0.0896287	0.24628282	0.1539671	0.26307935	0.066030346	0.07052549	0.045754768	-0.22635032	0.062008567	-0.17639695	0.040785864	-0.0319546	-0.20327035	-0.10480042	-0.22559541	-0.056032196	
-0.15717392	0.018378811	-0.09029168	-0.07882573	0.037386388	-0.090452366	-0.07359349	-0.013816789	0.16050877	0.053408794	-0.049302116	-0.09499187	0.002942074	0.06725907	0.11610502	-0.027443457	-0.0057733357	0.08372517	0.06106176	0.01317407	-0.040906426	0.020253148	-0.055564266	-0.06497052	-0.17978752	0.24721637	0.21112023	-0.029478978	-0.16061966	0.043189384	-0.11331596	-0.052118257	0.03689578	-0.057326883	0.09228103	-0.022834122	0.09850825	0.10100557	0.01565533	-0.0006022714	0.19294575	-0.15830249	0.000915708	0.07982729	-0.033349395	-0.011772405	0.12432857	0.10247691	0.0006625615	-0.006485395	-0.08461874	-0.031436183	-0.08096747	0.00057392195	-0.11156489	0.22238675	-0.02527424	-0.05217915	-0.044828653	-0.092484	0.059094355	-0.076890394	0.10451092	0.0746434	0.18134132	-0.11483349	-0.01789767	-0.026248178	-0.076176174	-0.022034578	0.09667716	-0.034832146	0.017298225	0.01790673	-0.22016788	0.040181942	0.018296432	-0.056066755	0.118188135	-0.12060649	-0.039379753	0.13180178	0.098266736	0.05664008	-0.05857791	-0.0045824205	-0.15527567	0.018170403	-0.03910977	0.0849429	0.04993961	0.105260864	0.09942267	0.074494585	-0.062908836	-0.062370513	-0.070520855	-0.15930535	0.08561047	0.017704569	-0.118084885	0.036922604	0.119914785	-0.19276276	-0.010072977	-0.05683428	0.07097635	0.1547282	0.082249686	0.03362565	0.1686962	0.03265297	-0.068623796	-0.06222939	-0.023398979	0.11353609	-0.0737884	-0.074134335	-0.0865252	0.013071993	0.035932295	-0.06386647	-0.0213046	0.0067775184	0.021859545	-0.076469496	-0.04785964	0.10950512	0.028803952	0.053997323	-0.15240237	-0.2060763	0.08875348	-0.1510294	0.11335699	0.106272206	0.19430849	0.08228219	0.055497255	-0.03624268	0.054926194	-0.06616579	-0.1925673	-0.05352501	0.20865904	0.15838331	-0.14098945	0.19361806	-0.092143096	0.13274617	0.03112911	0.21227926	0.041420273	0.17537768	-0.0009228707	-0.08532164	0.0025873743	-0.032952104	-0.17972562	0.0027122982	0.037587803	0.006889376	0.090928406	-0.07427092	0.0048283674	-0.1321827	0.032272693	0.07161463	0.16802046	-0.078189	0.039238274	-0.14512306	-0.07388901	-0.019364776	-0.08336915	0.09323284	-0.084798604	0.020339847	0.03653045	-0.040702395	-0.041134506	0.14900288	-0.00016229786	-0.07503666	0.019358233	-0.19416921	-0.019123038	-0.040995214	0.044583403	-0.147975	-0.042068366	-0.017772332	0.10728681	-0.029310027	0.08847223	-0.06378945	-0.025241261	-0.018204963	0.16214468	0.07422948	-0.083208874	-0.03497576	0.1245626	-0.08082621	0.067092575	-0.12646168	-0.011823913	-0.017256837	0.10346712	0.05531081	-0.18066724	0.0030586077	0.15386692	0.19528726	-0.17534806	-0.058219276	0.03432355	0.085544825	-0.037360124	-0.042220887	0.19030237	-0.1049428	-0.10404378	0.15254906	-0.13065517	-0.08078008	0.14493452	-0.012887001	0.017859712	-0.057705935	0.05440242	-0.010695057	-0.15479597	0.24574319	-0.121026635	0.028641671	-0.08670742	0.054978363	0.10353743	-0.032060415	0.028220573	0.00017425697	-0.09235157	-0.06300848	0.02581613	-0.095115125	0.10270779	0.0905459	0.21772474	-0.032483652	-0.14384586	0.09064141	0.19040568	0.032240234	-0.14195424	-0.019096524	0.05137684	-0.09239995	0.113745995	0.03238459	-0.060889482	-0.041717738	-0.031691108	-0.20981301	0.082094386	-0.07393991	-0.047970437	0.08941919	0.06607886	0.05491501	-0.08730748	0.0015974354	-0.12475603	-0.037817206	-0.06119018	-0.12815365	0.04344639	0.009372227	0.051063716	-0.10011056	-0.09508562	0.008929009	0.107521884	0.041466128	-0.09846036	-0.01313806	0.041898407	0.08979669	-0.0006739963	-0.047386725	-0.024363749	-0.0012812065	-0.031146752	-0.14130843	0.13534063	-0.120626464	-0.040871575	0.24651913	0.16494176	-0.023113236	
-0.039083406	0.028152473	-0.21059065	-0.05441941	-0.018455887	-0.04899717	0.116767995	0.23026502	0.06598199	0.14212367	0.002315465	0.03311404	0.3151179	0.03321717	-0.13617833	0.15094279	0.04211301	0.06659258	-0.014647668	-0.2536852	-0.23447557	-0.19613874	-0.24571908	-0.019393064	-0.1811107	0.93143994	0.1959552	0.039475136	-0.020774879	-0.4158869	0.21692252	-0.19443226	-0.071070224	-0.1521963	0.15375596	0.2770012	-0.003810979	-0.35149336	-0.25915334	-0.098439485	-0.12822847	-0.15122475	0.16399853	0.023151757	-0.12525629	-0.10116754	0.13740608	0.013943628	-0.06945178	-0.2527169	-0.19180243	0.079442315	-0.19895035	-0.18541797	-0.09097822	-0.035815224	-0.26469833	-0.03358361	-0.31738767	-0.2407734	-0.06708677	0.10357897	-0.13219929	-0.06969223	0.116738364	0.26462916	-0.2537331	0.3569418	0.15550624	-0.03425443	-2.5587133e-05	-0.060786743	0.28401053	-0.2139408	0.15081546	0.077231534	0.011057345	0.043573488	0.42689145	0.06288818	-0.1620326	-0.15615913	-0.05472418	-0.19187258	0.21778263	0.048034757	-0.0007220734	-0.04703263	0.121888705	0.048447028	-0.09581706	-0.04942998	-0.0016979905	0.20906532	0.059628382	-0.019228922	-0.07791284	0.11970282	0.44905275	0.2325567	-0.08101589	-0.1005092	-0.0019029153	-0.19915386	-0.047230534	-0.13693132	-0.10174953	-0.098362245	0.08492335	0.07359887	0.1030014	0.24742988	-0.15866089	0.15408537	-0.12011495	-0.20049414	-0.28290004	-0.23332144	-0.1301724	0.030735046	0.06400398	-0.18590362	0.14958154	-0.02357554	0.053229082	0.12001839	0.34742087	0.1562831	-0.015255777	-0.1459495	-0.21312258	0.0992689	0.008263111	0.19321792	0.17892343	-0.09998149	-0.004655718	-0.16739805	0.2581163	-0.046253085	-0.18297991	-0.12616089	0.11348604	0.08946448	0.19550759	-0.057016175	-0.33654335	0.16068482	0.010275479	0.010951233	0.13572317	0.011306701	-0.19114402	0.012930722	-0.0038460516	0.07554926	0.05297885	0.100470535	0.031184996	-0.082981974	0.09814181	-0.23850168	0.20909339	-0.026936272	0.049753632	-0.19683132	-0.08713122	0.04655107	0.048864122	0.035398055	0.028036796	0.09034509	-0.13077593	0.015913503	-0.08339669	0.09897364	-0.19180287	0.021708626	0.18100595	0.12650059	-0.03684926	-0.0067557367	-0.20276655	-0.045913562	-0.12009277	-0.16778457	-0.035240993	0.054827217	0.0010899666	-0.072744556	0.009576194	0.049325563	-0.04460459	-0.15043458	-0.31218567	0.028968824	0.16522229	-0.07284453	0.01282959	-0.012349057	-0.21908915	0.08088386	-0.23911718	-0.056653332	0.10771151	0.21684879	0.10483106	-0.2300504	0.049050502	-0.017681345	0.07795714	0.28502706	-0.13901116	0.18009143	-0.019735005	0.4445351	0.2976562	-0.016520215	0.076063156	-0.13808057	0.1126022	-0.110272594	-0.044274088	0.091201946	0.02522282	0.12567075	-0.32512283	-0.18170282	0.013908898	0.17498577	0.00329523	-0.17973559	0.027605854	0.08532838	0.067709185	0.09452555	-0.018377846	0.23246568	-0.20708252	-0.09946379	0.2920492	0.038648948	0.017059108	0.16806214	-0.019597562	0.07699569	-0.060055144	0.07093302	0.13239282	0.2440495	-0.16967377	-0.093050584	-0.24428101	-0.016148483	0.15789042	-0.16491649	0.4091065	0.10107953	0.04615422	0.08223842	0.019739803	0.038914237	0.02740594	-0.2388003	0.13691323	-0.042025246	0.2993235	0.37587827	0.10708604	-0.20348726	-0.37926796	0.11623862	-0.20592894	-0.31629613	0.05304093	0.43308228	-0.12369007	-0.023120333	-0.3859019	-0.0006786158	-0.15453604	0.29456872	-0.23109181	0.21532452	0.05108682	-0.05039099	0.09453587	-0.05539252	0.2072963	0.23714219	0.119326204	0.15211469	0.061592165	0.0790586	0.19536328	0.022288783	0.023269253	0.054329023	-0.11737755	-0.053442962	
-0.041724946	-0.001303896	-0.030875847	0.034615036	-0.02192136	-0.043426026	-0.03747716	0.0110863345	0.03749013	0.031243341	0.0032061583	0.00071305485	-0.027242204	0.0002751133	0.018645458	-0.0011355014	0.027360499	-0.024732828	-0.008889643	-0.0022495287	-0.00034345084	-0.040852547	0.014028224	-0.025684692	-0.010070065	0.089862466	0.0098782135	0.050414007	-0.020781798	-0.02833966	-0.04238506	0.045226067	-0.033873092	0.015211756	0.015383032	0.04798153	0.033837292	-0.04760522	0.011941587	0.013577896	0.018102704	-0.017044112	0.029818848	-0.021151043	-0.014011589	-0.009828572	0.0040000053	-0.08019369	-0.02206937	-0.0010806695	-0.010976683	-0.026942886	-0.035529785	-0.011686849	0.041591294	-0.033358302	-0.020402312	0.037600677	0.08927402	0.004629928	0.012296528	-0.012719491	-0.014756492	-0.023846872	0.047751036	0.039610524	0.036535624	-0.039432187	-0.008147876	0.07005484	-0.037408978	-0.0082274275	-0.0015557756	-0.0015330487	-0.021170676	0.042384673	0.0169805	-0.004536142	0.011631555	0.038565446	0.041652326	0.0118196905	0.017874677	-0.04510982	-0.028769381	0.030200819	-0.01450631	0.01752663	-0.092417836	0.0039890534	0.04041266	-0.027704729	0.007806588	0.053932816	-0.0024150198	-0.027449058	-0.030181885	-0.020611165	-0.04438052	0.02551417	-0.02669768	0.027263353	0.012816567	-0.03585314	0.006350784	-0.03207678	0.06856493	0.022357292	-0.0037588745	-0.016225783	0.07649235	0.040687528	0.0032536935	0.00969767	0.025021503	0.0107426355	-0.025653953	0.0072349706	-0.059117857	-0.0023918755	-0.016753672	0.028872648	0.025726264	-0.036972784	-0.004558235	-0.01752753	-0.002165649	0.015521183	-0.012233741	0.028134363	-0.02538722	-0.024554372	-0.030071909	-0.006053403	0.031389136	0.00084316544	0.022575164	0.032110605	0.03065089	-0.019487316	-0.04450643	0.010159535	-0.001924023	0.0054595154	-0.0062571727	-0.024654344	0.012752731	0.0130615765	-0.022555761	0.005282754	-0.051988248	-0.00029615086	-0.046584528	-0.011982645	0.01338335	0.0074222726	-0.016044445	0.030439837	-0.0073742303	-0.03874606	-0.06919623	0.0015785526	0.038375773	-0.017591579	-0.035041515	0.0047953245	-0.01383283	-0.060731303	-0.027011069	0.012653853	0.022070536	0.015669841	-0.025741061	-0.013921312	-0.019367188	0.014153033	-0.020500073	-0.05265223	0.008071835	0.034548573	0.023733735	0.06229539	0.0014003632	-0.03716186	0.012717734	-0.121324845	0.0018749643	-0.007245844	-0.01938417	-0.033623397	0.009404191	0.02019334	0.04203527	0.00499542	-0.02019878	-0.031929124	-0.017340574	-0.0053339475	-0.004162187	-0.05325024	-0.011184582	0.0152323125	0.010730368	-0.03962813	-0.034372833	0.010268064	-0.014045231	-0.04026308	0.032783	-0.0141355945	-0.09840676	-0.0036398575	-0.017137682	0.065825246	0.005009109	0.050552677	0.01011512	0.05751881	0.017594917	-0.0073436573	-0.0004302838	0.019629935	-0.030462662	-0.02064007	-0.03535823	-0.016168913	0.0017006943	0.015016277	-0.01691965	0.011676241	-0.008805932	-0.0041096047	0.01324222	0.039729167	-0.00963447	-0.020010037	0.04708841	0.03682627	-0.005955041	0.00523879	0.024837786	-0.00891979	-0.032039125	-0.00012048924	0.1009973	-0.04359361	0.006394483	-0.009121728	0.055908296	-0.06385035	-0.030529372	-0.0041978583	-0.010992543	0.04713108	0.005380137	-0.010954387	0.0006614588	0.0054989755	0.015215143	-0.03545949	-0.0033358221	0.044813097	-0.060552597	-0.07828782	0.029783549	-0.0869806	0.0049101566	0.025050165	0.034725126	-0.009180496	0.06856324	-0.061232477	-0.024187109	-0.0533663	0.059359048	0.020784188	-0.03879563	-0.02956617	0.055975813	-0.0075768097	0.068949685	0.011720531	0.10574963	-0.009411131	-0.048669577	0.0057338835	-0.005056187	0.02790557	0.055948317	-0.02331317	-0.0131254485	0.0023470256	0.023270996	0.022773137	0.014440756	-0.018111877	0.009884694	-0.034010325	-0.007032439	-0.018615887	
-0.12243335	-0.026865603	-0.0690486	0.24777047	0.10620332	0.023604214	0.46806523	-0.16687103	0.2702967	-0.058185887	0.1914224	0.03990667	-0.07800949	0.19594939	-0.29487112	-0.08656017	0.18289623	-0.09963816	0.4737571	0.3218379	0.4873621	0.18340594	0.3023316	-0.12540817	-0.06601277	1.0743498	0.11407257	0.008810421	0.24953161	-0.106644355	0.035420403	-0.099997096	0.15960662	-0.14817227	-0.17768835	0.26086813	0.08537382	-0.03131535	0.1645359	-0.35900056	0.15110068	0.2130154	0.37751722	0.044436432	0.15178074	-0.18080844	-0.037667107	-0.34675387	-0.0857664	0.031124972	-0.24454996	-0.14648344	0.05283757	0.24876796	-0.11056287	-0.07805627	-0.23124558	-0.1239186	-0.5426307	-0.13218486	-0.27680647	0.015162944	0.11750512	0.29489148	-0.0075184437	0.0049169837	0.013355101	0.15123242	-0.055659145	0.10329054	0.22230084	0.047008485	0.23795336	0.14877737	-0.08287696	0.14252548	-0.19087285	-0.03772841	0.11391712	0.38575646	-0.19644514	0.17660366	-0.17419606	0.13786004	-0.05443575	0.20259327	0.18055806	-0.2642296	-0.20647845	-0.033744227	0.25076953	0.062183063	0.3243894	0.3884211	0.057265945	0.0991647	0.19786923	-0.20202468	-0.08451171	0.28105578	-0.012491603	-0.082304016	0.3490972	-0.32287878	0.22555967	0.38516366	-0.08316678	-0.10172187	0.024983346	-0.40748927	-0.059090573	-0.009061448	0.0714808	0.046499874	0.17960772	0.003666059	0.050007973	0.06095622	0.08852778	0.011552686	-0.044536	-0.23125358	-0.02808896	-0.10570875	-0.098319426	0.18072861	0.2172303	-0.072240256	0.17784692	0.20352833	0.03656503	-0.26025185	0.015054033	-0.14495447	0.120229796	-0.0047624432	0.05712211	-0.2405114	0.0069308984	0.10799743	-0.2639305	-0.26551184	-0.14605215	0.15427704	-0.1459724	-0.5068157	0.0035868469	-0.24947158	-0.032534294	-0.036659326	-0.082871966	-0.28492966	0.11159484	-0.07988542	-0.1949164	0.17300874	0.33130884	0.11389981	0.5072681	-0.13931203	-0.43434444	0.18745081	-0.26817375	-0.11836639	0.12356355	-0.3624249	0.22565368	0.114185445	-0.4400416	0.10197704	-0.020006936	-0.00030813136	0.037212167	0.006104833	-0.04253718	-0.33590198	-0.0059793233	0.099470876	-0.040267464	-0.09665117	0.20291603	0.060742598	-0.26172298	0.10371351	-0.07222987	0.1379397	0.19285062	0.14903776	0.21413694	0.18266025	0.028695717	0.05122741	0.18469332	0.17244272	0.16333903	0.10888928	-0.15720467	0.19232622	-0.03938233	0.073119715	-0.10156995	-0.2346746	-0.23424605	0.12963405	0.15870395	-0.28004357	-0.102928035	-0.2032763	0.07885191	0.08098763	-0.028787944	0.05911835	0.06496119	-0.06260497	-0.09902397	0.42506737	-0.069514565	-0.043599855	-0.33955133	-0.017711787	0.15507989	0.05290849	-0.09883635	-0.14459291	-0.08485588	-0.24108331	0.2386705	-0.2573922	0.26314676	-0.36629558	0.040984355	-0.20069005	0.07764991	0.18838322	-0.022612633	-0.02528904	0.18963797	-0.018348034	-0.17610738	0.019103087	0.14764342	-0.08368813	-0.13246378	0.401516	0.09007178	-0.059407763	-0.18680991	0.010678371	0.34546334	0.009168741	-0.14054681	-0.05163853	-0.0056452416	-0.08393472	-0.062867075	-0.34880224	0.4645768	-0.008958218	-0.10956007	0.22743472	0.2210779	-0.00010535342	0.2776331	-0.515509	-0.08163616	-0.10923769	0.64846706	0.16138266	0.18661825	0.10952689	0.239748	0.29615942	-0.030230878	-0.30780137	0.18024804	0.14672953	-0.05368205	0.2397919	-0.12238155	-0.2446772	0.1290362	-0.07268931	-0.3478628	0.24980019	-0.47250766	0.06753739	0.082344934	0.12085511	-0.09221764	0.12407238	-0.1803258	0.0064021996	-0.039304506	0.06514455	-0.31083128	-0.10695891	0.2802613	-0.11319145	0.32078958	-0.30902106	
0.004656144	0.011418988	-0.059150133	0.039407384	-0.017905423	0.0089752395	0.013719405	0.032197412	0.001435812	0.014821	-0.03034193	-0.0077695716	-0.0028050232	0.011786508	0.014491838	-0.010904382	0.036996182	0.008594256	-0.024018643	-0.01655183	-0.004198671	0.010649477	-0.023857882	-0.007549159	-0.0116490545	0.16926692	0.00662725	-0.0029656698	-0.0039813467	0.018869389	-0.021647463	0.062062252	-0.027295412	-0.036703825	-0.044114545	0.002654231	-0.0037762802	0.0052830516	0.010146447	0.00056012656	0.004767221	0.07275193	0.013489827	-0.005016891	-0.023640752	0.015310311	-0.0013288362	0.00026210258	-0.030811606	-0.018987102	-0.024336955	0.028146515	0.014910304	-0.0036905406	0.0046398155	0.011827671	-0.0192902	0.001015263	0.07265359	0.027753497	0.050625402	0.005137133	0.01589936	-0.012220971	0.01470179	0.020813098	-0.021214284	0.04355493	-0.021519	0.06475458	0.015530898	-0.03195527	0.032756392	-0.009957421	0.007944025	0.018350655	0.01993069	0.0029790488	0.07581592	0.022989118	0.0019976692	-4.2234857e-05	-0.0103235375	-0.0042547868	-0.031135397	-0.0034410693	-0.0030200488	0.027749902	-0.02458871	-0.016200367	-0.025273463	-0.026594168	0.034603905	0.12175465	0.01846961	0.015270355	-0.032602143	-0.031006431	-0.012191743	-0.025997853	-0.0119172335	0.023484305	0.006823279	-0.029618746	0.00803237	0.0033285806	-0.017920507	-0.00988074	-0.06310233	0.03065754	0.1104364	-0.036377016	0.012458972	0.018215196	0.012652862	-0.0007578136	-0.030035263	0.028315432	-0.0038421964	-0.026354084	0.016137965	-0.029507736	0.035075538	0.009477789	-0.022176355	-0.057487905	-0.0028351413	0.0016563243	0.0016534077	0.020043747	0.010233664	-0.025337487	0.06240384	-0.036491197	-0.023715712	0.012988191	-0.01431905	-0.009593481	-0.016844822	-0.0065360568	-0.043184508	-0.011530728	0.027096095	0.0048199953	-0.031153157	-0.001339163	-0.016435347	0.05454008	-0.027879024	-0.011283022	-0.024695702	0.01091919	0.022008812	0.021731667	0.010332027	-0.0327057	-0.012311465	-0.085561454	-0.020714404	0.027213864	0.002121143	0.013909854	0.042079423	0.00044772556	0.0076297023	-0.02098178	-0.033453044	-0.0009773668	0.030573307	0.0007407442	0.012981993	-0.06737442	-0.0216227	-0.013887051	0.02666781	-0.016046735	0.026437072	-0.0056097806	-0.015734369	-0.030920567	0.026506081	-0.010511956	-0.06130742	0.05311449	0.004970575	0.0020728994	0.04215011	-0.025181277	0.010635085	-0.026455471	0.052537397	-0.014620167	-0.005733756	-0.014251507	0.001882519	0.007090394	-0.018217757	-0.04095835	0.031003984	0.014491707	-0.032437127	-0.010800379	0.04094912	-0.017431298	0.019467847	-0.013276852	-0.012821037	-0.024141403	0.008579894	-0.026514344	-0.04951085	-0.005090376	0.04189695	0.03425144	-0.01624866	-0.008397759	-0.009724378	0.03163592	0.02897113	0.034831334	-0.03885587	0.011427895	0.019356994	-0.0022088971	-0.013114688	0.028017929	0.014167935	-0.006696796	-0.0061419248	0.0032284504	0.0019321372	0.041479956	-0.00784154	-0.008821232	-0.009228115	-0.022946963	0.013524753	0.026086649	-0.0073451437	-0.0048064175	0.028029578	0.0029049844	-0.008617359	0.02555333	0.015117076	-0.003942331	0.040331874	-0.0418895	0.017918624	-0.02011001	-0.023613095	-0.010719138	0.027645646	0.019584382	-0.012997821	-0.033226315	-0.027995711	-0.0011632721	-0.022303514	-0.044833973	0.006455436	-0.014655352	-0.042365942	-0.040403042	0.01851773	-0.001636357	0.0059664915	0.011639624	0.035629835	-0.01262937	0.024394283	0.00738872	0.035865888	-0.016663045	-0.0077970545	0.007663877	0.033551265	-0.008173396	0.011219323	-0.023413032	0.030595034	-0.008406285	0.026194682	-0.017218022	-0.021820644	-0.0316738	0.05367334	0.018846532	0.017931653	-0.016362855	0.04559345	-0.010352635	-0.0027259104	-0.066628255	0.024867184	0.0005501732	-0.026067996	0.016888054	-0.005498603	-0.0011440723	
0.083050415	-0.07358774	-0.12639749	0.09444422	-0.0050906576	0.05284556	0.114392586	0.2140352	-0.1778181	-0.07368506	-0.006592267	-0.045472916	-0.1001363	-0.27063712	0.1002394	0.027417313	0.14620624	-0.048582956	0.17925219	0.02074817	0.01766	-0.11090269	0.1463326	-0.36796364	0.027209882	0.7405847	-0.09598274	0.19248058	0.24660984	-0.025195243	0.22275232	-0.16626713	0.12170235	-0.10927187	-0.050602272	0.046994768	-0.009674519	-0.081290595	0.23071416	-0.050988723	0.024112722	0.15613033	0.37386957	-0.04880736	-0.128803	-0.114007935	-0.055580243	-0.054107275	-0.3031973	-0.21305253	-0.2287157	0.08430393	0.07567566	-0.0023716746	0.13394526	-0.31168962	-0.09593657	-0.12921989	-0.24275604	-0.033587635	-0.04341894	-0.07942226	-0.005816432	0.011307381	0.11455683	0.17085901	-0.06598453	0.30952623	0.13894352	0.199201	0.07012509	0.013869303	0.043639228	-0.0024461555	-0.082727395	-0.22052802	-0.03753439	-0.044567883	-0.02604446	0.12597385	-0.028105205	-0.1469444	0.10387416	-0.07650262	-0.097922385	-0.32028955	-0.10705062	0.08066767	-0.13898128	0.01892343	0.10590465	-0.017188534	-0.038227856	0.2947551	0.17007162	0.2093538	-0.13112663	0.043668367	0.04448113	0.18058178	-0.05418244	0.038917087	-0.10716094	-0.26036853	-0.06861292	0.051611647	0.04724594	-0.029390575	0.084721975	0.09073937	0.21786591	0.01358318	0.047881413	0.12320375	-0.19274595	-0.15898864	-0.15909018	-0.14022148	-0.15454647	0.27913743	0.13189179	-0.10496949	0.13539118	-0.09048752	-0.1598541	-0.17906088	-0.2922567	-0.18956828	0.07117801	-0.092832305	0.11430557	0.28680876	-0.025462225	-0.091503195	0.08977681	0.0636035	0.20564683	-0.13610739	0.31766692	-0.059003614	-0.09588288	-0.0077780127	0.052601084	0.09755899	0.25804943	-0.3037532	-0.28737864	0.043702945	-0.15775155	-0.0671113	0.08467179	0.098347425	-0.15008318	0.05828767	0.0777099	0.10389317	0.002367026	-0.09299695	0.103503115	-0.28866714	-0.0406998	0.21060771	-0.18280026	0.04130708	0.096565165	0.089657046	0.057427675	0.09179209	-0.34334117	0.10263977	-0.12221947	0.011604906	-0.028888475	-0.28311923	-0.10574557	-0.07695957	-0.06338616	0.036950875	0.12180848	-0.13148496	0.30787757	0.10219713	-0.24513844	-0.19447084	-0.29153726	-0.07113681	-0.35658765	0.047066983	0.15440035	-0.016832206	-0.04804463	-0.166811	-0.028211657	0.07526825	-0.02718718	0.074879065	0.14950754	0.06031128	-0.047693983	-0.19539267	0.036496747	-0.13223825	0.054897737	-0.00050190726	-0.24626489	-0.05022977	0.10711339	-0.0050512995	0.27149034	0.23285586	0.30323356	0.24797314	0.12708114	0.048239727	0.057414066	0.010037236	0.13433954	-0.2106696	-0.13932326	0.11660381	-0.29457623	-0.2608174	0.002994893	-0.039428376	-0.09837856	0.1112307	0.19198361	-0.038821075	-0.35428098	0.1555909	0.21795468	0.12253663	0.21594605	0.056570306	0.03363887	0.037958298	-0.06162686	0.17402774	-0.061252065	0.095210195	-0.07769598	0.13121854	-0.1732264	0.2327896	-0.038997248	-0.0961787	-0.22964041	0.0065458464	0.20802161	0.027301515	-0.37546548	-0.21511269	-0.25641727	-0.11554196	0.14129873	-0.1973503	0.27270555	-0.04674144	0.09448895	0.12497913	-6.487732e-05	-0.21817535	0.3168692	-0.22484216	0.05425309	0.30731004	0.40084952	-0.005623541	0.2759351	-0.081840865	-0.040947214	0.57794136	-0.06882084	-0.12838674	0.19797541	0.20428646	-0.11998807	0.21442659	0.18448591	0.0017683554	-0.06761027	-0.22846645	-0.0986025	0.045307733	-0.3272245	0.07996039	0.022691647	0.027296567	-0.031002939	0.20236316	0.14090154	0.03207273	0.08925486	0.072366856	-0.23236625	-0.30725634	0.042988464	0.17033054	-0.1078825	-0.15950158	
0.14097896	-0.13404699	0.07360413	-0.048403293	-0.13373151	0.054443493	-0.059264667	0.0025660184	-0.09726052	0.24725968	0.16992174	-0.04312295	-0.04348689	0.027036382	0.13508603	-0.10956541	-0.090053804	0.11482227	0.12319715	0.028222425	-0.10098114	0.004198013	-0.12529981	-0.17091677	0.067898214	0.46407056	0.042720817	0.07002558	0.19348127	0.009098049	-0.04242338	-0.03102995	-0.1371146	-0.14280236	-0.027449522	0.064053684	0.1248181	0.023537137	0.0883948	0.062865645	0.043248765	0.11031739	-0.00867648	0.061188355	-0.011012039	-0.08155997	-0.116511	0.13772523	0.09344434	0.12958047	-0.107336156	-0.011275533	0.12716448	0.1381692	0.0135807535	0.060604744	-0.06556871	-0.038709708	-0.15919867	-0.010370558	-0.107186474	0.010904736	-0.060578763	0.034262143	-0.008972792	0.11300072	-0.052860577	-0.16935368	0.21372253	0.104879096	0.09932532	-0.016642036	-0.11457869	-0.027076164	-0.116472244	-0.05943333	0.045748666	-0.09755828	-0.16499127	-0.061952304	0.12715647	-0.24729973	0.014183479	0.051838983	0.08875187	-0.062070753	0.16121382	-0.06299867	0.040462997	0.02056977	-0.017195832	-0.15472451	-0.04672418	0.050866205	0.124923065	-0.14568442	-0.14249082	-0.039352246	-0.012125803	0.053213738	-0.061194643	-0.18060146	-0.06469298	0.063165516	0.0034836803	0.074519314	0.26292738	0.06748886	-0.042168077	0.026053125	-0.13278611	0.06460941	0.105009325	-0.22313778	0.032150164	0.115766264	0.040137157	-0.10010611	-0.00628671	0.16676731	-0.07092195	0.12907887	0.10204985	0.17327936	-0.051308945	-0.030431995	-0.12635823	0.0991154	0.11995894	0.03585788	-0.16250785	0.03636759	-0.23760925	0.06657491	0.021107435	0.087960206	-0.022178994	-0.07225524	0.016686643	0.08301337	0.051860627	0.0014852458	0.043085936	0.12325838	0.05096884	-0.20735024	-0.095397376	0.049536902	-0.31510228	0.012657914	-0.0021089686	0.09366569	-0.017061675	0.039424192	0.09817584	-0.16899212	-0.026355423	0.09670315	0.105234526	-0.08353704	8.050527e-05	0.0991711	-0.026106462	0.055496298	0.10578379	0.05904327	0.14659975	0.022224866	-0.105064794	-0.1664063	0.003092719	0.11668144	-0.11581645	-0.023377815	-0.050547224	-0.045407567	0.12317284	0.03321573	0.057549402	0.119170696	0.099017106	0.055451654	-0.16773976	-0.17285295	-0.11442854	-0.13480908	-0.18808524	-0.17863464	0.015194225	0.055898447	0.011417298	-0.28063756	0.027289275	-0.14695564	-0.038151	8.864966e-05	-0.028989024	-0.09870502	0.03206856	-0.005730708	-0.109421134	0.0992977	-0.24131188	0.0926174	-0.029902218	-0.1277455	-0.09182911	-0.06927546	0.06972448	-0.020527795	-0.022022331	0.1439207	0.20745166	0.010381788	-0.1443761	0.12294256	0.0380337	-0.003229404	0.033355072	-0.063873604	-0.027130622	0.052225016	-0.013262524	0.16833651	-0.08589483	0.061506364	0.09743297	-0.053462006	0.06138312	0.039170228	-0.0148075735	-0.052286472	-0.049445122	0.11470639	-0.039607015	0.01056219	0.13444138	-0.106744066	-0.01324736	0.052365273	0.24925047	0.11173443	-0.00915229	0.08273477	-0.004865103	0.21030314	-0.04717772	0.0067343684	-0.00664686	0.087918736	0.12252795	-0.16299832	-0.08675749	0.009820653	0.0066917	-0.13219368	-0.0070970985	0.11783648	0.011628264	-0.05924356	-0.11783156	0.020243162	0.18997972	-0.0737198	0.10665659	-0.16046247	-0.0069424	0.20295897	-0.083847776	0.104453444	0.10249322	-0.17243582	0.106785916	0.10240026	0.1103489	-0.06085204	0.08573937	-0.032659966	-0.11792444	-0.0064471243	-0.16013253	0.027858296	-0.0802721	0.012693863	0.022840487	0.15799457	-0.021626994	0.058077727	0.21542485	-0.12926434	0.05505893	0.038937245	0.135757	-0.106180586	-0.073717944	-0.048269372	-0.095060036	-0.015010698	0.08490108	0.0054016034	
0.039314777	-0.16476978	-0.29003888	-0.12745385	-0.19203165	0.09839649	-0.03327735	0.006334785	0.22108267	0.12863348	0.09834427	-0.26309392	0.038394127	-0.15459284	-0.0014680956	-0.009084988	0.06914307	-0.0024135883	0.04082492	-0.03300747	0.21759379	0.20391142	-0.16474555	-0.07071281	0.0061440985	0.75522274	0.07176158	0.24038355	-0.116128154	0.07781643	0.11082919	0.1578867	0.10869911	0.17053246	-0.009171417	-0.09034357	0.0357808	0.03772093	-0.150175	-0.040807866	-0.26062995	0.068174854	-0.012807233	0.001308099	0.051039923	-0.19180453	0.020142486	-0.039240673	-0.23143943	-0.11282751	-0.1062274	0.057459436	-0.115604855	0.30533016	0.1303443	0.23113291	0.06636615	0.06844549	-0.29540613	0.04292211	-0.15330856	-0.03380809	-0.05241146	-0.031922154	-0.00545632	0.15804124	-0.02944051	0.16710192	0.048356194	-0.05445495	0.08516941	-0.15077049	0.14292094	-0.32171845	0.17329977	-0.070099056	0.08517981	0.055928223	-0.10818256	-0.29929242	-0.12558125	0.027805025	-0.048710193	-0.30419132	0.07246426	-0.08541147	0.07130947	0.009924411	-0.040145863	0.09379259	-0.03718825	0.105577625	0.04095193	0.17265666	0.27097657	-0.37614787	0.17442171	-0.380711	0.10348513	-0.0069696736	-0.05961856	0.35520992	-0.08736526	-0.04602852	0.01927834	0.041425206	-0.12350754	0.1391178	0.26163658	0.13491519	-0.014779119	0.019604018	0.22125861	0.17320772	0.12170459	-0.21656626	-0.066552475	-0.115777306	-0.2965862	0.0037581879	-0.052988674	-0.15920973	0.09212777	-0.18392976	-0.037360497	0.22268096	-0.041084085	0.07852535	0.22952288	0.07875564	0.23486902	0.08687004	0.012182988	0.046621036	0.006310713	-0.078696586	0.20361297	0.010680996	-0.023733173	-0.1506104	-0.050655026	-0.104815915	0.3237627	-0.2827872	-0.08569461	-0.016829168	0.1786275	0.19980514	-0.23513283	-0.21082315	-0.029094769	0.054638326	0.061879747	0.03947898	-0.100498274	-0.02042875	-0.07113264	-0.38169625	0.013487431	-0.10739838	-0.020315925	-0.12687273	-0.04418817	-0.16591592	-0.010774515	0.07577173	0.25023988	-0.06837646	0.03066274	0.020214181	0.0995324	0.13617477	-0.024409506	0.27276948	0.09577294	0.15080117	0.036333337	-0.12545644	0.03350465	0.12817335	0.21639508	-0.25240624	-0.23252809	0.0542679	-0.055870265	-0.13147086	0.07407136	-0.11432205	0.18414417	-0.059598062	-0.247377	-0.16914926	-0.0077178907	-0.1280996	0.30485988	-0.022662116	0.18319957	-0.088772886	0.088074446	-0.043479834	-0.14713901	0.010305978	0.1260744	0.061338205	-0.31378862	-0.23896492	0.16875651	0.032265667	-0.09950933	0.13608477	0.21088964	0.19856481	0.16583566	-0.010719452	-0.13481838	0.13428074	-0.101105504	-0.29722184	0.032075163	-0.068744056	0.0656209	-0.035252698	0.021922702	0.024689715	-0.0981348	0.29048687	-0.023665614	-0.06441645	-0.048115022	0.121738076	-0.20954017	0.031531747	0.05682937	0.13676396	0.18025768	0.06419927	-0.10848604	-0.03954165	0.07797746	0.22067855	-0.14346641	0.17064734	0.14882137	-0.20950568	0.16629712	-0.27117944	0.010220175	-0.22381845	0.11360583	0.0929127	-0.18849188	-0.18362623	-0.122317255	-0.13011864	-0.1330707	0.16058177	0.19862896	-0.17988434	-0.1787893	-0.16115251	0.040614184	-0.25643936	-0.08238436	0.16323844	0.26732728	-0.23304339	-0.20732228	0.019688139	0.016549803	-0.26374155	-0.19234453	0.064401686	-0.14094637	0.057153154	-0.09982573	0.009266496	-0.052695602	0.04504479	-0.039013766	-0.06665407	0.07175302	-0.042931713	-0.047309592	0.1069361	-0.07873412	-0.041270837	0.03168183	-0.08259978	0.23460244	-0.015959023	0.06901889	-0.27525228	0.1970247	-0.015818682	0.04996926	0.09184724	0.057763025	-0.027266955	0.112764336	0.019500209	
